,LinearRegression_train_true,LinearRegression_train_pred,GradientBoostingRegressor_train_true,GradientBoostingRegressor_train_pred,ExtraTreesRegressor_train_true,ExtraTreesRegressor_train_pred,LinearRegression_GradientBoostingRegressor_ExtraTreesRegressor_train_true,LinearRegression_GradientBoostingRegressor_ExtraTreesRegressor_train_pred
0,29.8,25.867015928887128,27.0,26.64017906667245,29.8,29.19720999999999,29.8,28.584136530485676
1,29.6,25.208468212501458,26.6,26.157944881053975,29.6,29.546613333333276,27.3,27.94343812373692
2,27.3,33.60942502912721,24.0,24.380939939261097,27.3,26.637766666666682,27.0,26.22404592723968
3,27.0,30.726014412101136,20.0,20.57795396444026,27.0,25.55194999999999,24.0,23.592908456423725
4,26.6,29.1081056860493,18.0,17.709881908918884,26.6,26.20289,20.0,19.12471307840791
5,24.0,24.377166128042035,17.2,17.211857923324626,24.0,24.332719999999966,18.0,16.76373074290643
6,20.0,21.88338726127685,14.1,14.21238593440439,20.0,19.755833333333324,17.2,16.861308467873837
7,18.0,13.681316446775242,20.0,19.667220709270726,16.0,16.39903000000001,16.0,16.53473924191377
8,16.0,21.076906005683185,20.0,20.26816889646863,14.1,14.917079999999963,11.9,11.626091080079322
9,11.9,13.922856594250703,19.2,20.036182940675047,20.0,19.62112666666666,14.1,13.845445596549888
10,20.0,16.788516256125916,14.3,14.919101607171868,20.0,18.98388666666666,20.0,19.492992962825536
11,20.0,20.415069510626353,17.1,16.99855565325938,19.2,18.78604666666666,20.0,18.69142669807816
12,19.2,20.603506030643615,16.5,16.06291734905721,14.3,16.151380000000003,19.2,18.32664505026092
13,14.3,16.729079302771822,11.0,12.422149352111877,17.1,16.475873333333322,14.3,14.761553517881758
14,17.1,15.883365022658012,27.7,27.844535878266917,11.0,12.673213333333335,17.1,16.24374438471274
15,16.5,14.909699061770567,27.8,27.084972784151667,27.7,28.35464666666667,16.5,15.499100759138853
16,11.0,16.33163580284659,14.8,15.022389679644862,27.8,27.905199999999994,27.7,27.964164978548645
17,27.7,29.96437418543516,15.3,15.484523635413016,14.8,17.853986666666657,15.3,14.643557927951036
18,14.8,17.44073424215341,16.4,16.2843640272714,15.3,15.154376666666654,16.4,16.31984634676882
19,16.4,15.716870647089763,21.2,20.93641692992511,21.2,20.510106666666662,21.2,19.768395124759564
20,27.1,25.410097173260823,16.2,15.606063430274105,16.2,15.33906666666667,16.2,15.556166023926894
21,16.2,20.010279792884234,17.4,17.2518971171343,17.4,17.073976666666688,17.4,16.27320809037767
22,15.4,10.880796499261095,15.4,15.726844004360014,15.4,14.90510999999995,15.4,14.982051626121033
23,17.5,16.1127788832911,17.5,17.295355515306372,17.5,17.19564000000001,17.5,16.767866285443787
24,15.1,20.409830131403197,15.1,15.621332201727807,15.1,18.87465,15.1,15.644314106010723
25,17.0,15.261308938325811,17.0,16.701125308044038,17.0,17.340159999999997,17.0,16.259868889999492
26,17.0,11.871111750373956,17.1,16.893176083558465,17.0,16.27192333333335,17.0,16.019816944358677
27,17.1,17.11596163945623,15.0,15.479665048584776,15.0,15.410073333333333,17.1,16.289115189349744
28,15.0,15.622878328640297,15.0,15.036686429881234,15.1,15.075953333333345,15.0,15.278987779887338
29,15.1,15.282782885208945,16.0,15.556056070801617,16.0,14.42975666666667,15.0,14.197547579611038
30,16.0,11.485563040001068,16.0,15.782795304183889,16.0,15.553943333333354,16.0,15.404680471162628
31,16.0,11.867682163749691,16.6,16.697486255092503,16.6,15.543609999999953,16.0,14.915030437790875
32,18.0,16.17561048134141,18.0,17.753772328122952,18.0,17.813580000000016,16.6,15.724182949288357
33,18.0,16.643790258372434,19.0,18.963721243856043,18.0,17.79565000000002,18.0,16.81875874275255
34,19.0,19.823480070483896,18.0,18.02727386862158,19.0,19.288766666666668,18.0,17.132823971001383
35,19.0,19.62076694513027,15.0,15.107030913286863,19.0,19.143909999999998,19.0,18.528814711545614
36,18.0,17.861614606185952,17.0,17.35995953679141,18.0,18.635543333333345,18.0,17.893223289557728
37,15.0,16.44329266589736,15.0,15.019037866747926,17.0,16.27714333333333,15.0,14.218991292298858
38,17.0,15.508814522351656,27.0,27.23900178077245,17.2,18.026549999999972,27.0,26.975348138085852
39,15.0,12.727304878023205,17.2,17.28059404634781,16.6,17.958586666666644,17.2,16.29041199838005
40,17.2,19.205600940850417,16.6,16.457445796209555,22.4,25.406723333333343,16.6,15.880432543542948
41,16.6,17.375895874240285,22.0,21.810756223464814,22.0,20.98151333333333,22.4,22.826143359554994
42,22.4,25.54799244994129,16.1,15.735578900629287,23.0,22.817573333333318,22.0,20.715732141442476
43,22.0,17.17261987966492,47.2,47.13926474677106,47.2,46.58207666666664,23.0,21.967261973038944
44,23.0,22.13696925619095,23.0,22.88182943124719,0.0,1.902726666666665,32.2,30.782647691253665
45,32.2,33.916996599899704,35.0,34.8391065633112,19.0,19.675663333333326,47.2,45.78163074544203
46,0.0,-1.8269468338417312,19.0,18.65662656347449,23.0,23.180096666666667,0.0,-0.21854268576133362
47,19.0,20.52977279142803,20.0,19.405600402342774,19.2,19.469606666666643,19.0,18.945296788859526
48,35.0,31.623506132030883,19.8,20.615985160882126,20.0,18.32908666666667,23.0,21.667457650791217
49,19.2,22.511628978476523,4.0,4.142808078464901,19.0,19.475189999999976,35.0,33.666372586300284
50,19.0,12.452942195531278,38.0,38.66558229531158,19.8,20.845213333333323,19.2,19.370164600649705
51,20.0,17.001381498239027,25.0,25.025716481284647,4.0,4.09019,20.0,18.10865109757616
52,19.0,23.597050297879008,55.0,54.74057230962921,38.0,38.24459666666658,19.0,18.219320189497378
53,19.8,17.93394617444082,1.0,1.5391378070180108,25.0,26.395723333333336,19.8,19.993586066328724
54,4.0,7.035037435233107,2.0,2.7056313155847427,55.0,55.3898833333332,38.0,37.26757017649838
55,38.0,35.99255598551653,0.7,1.0404402352581017,2.0,3.3307566666666752,25.0,25.722993380505287
56,25.0,28.317798780011202,2.7,3.129493907861907,40.0,35.619466666666625,40.0,38.72680769179995
57,55.0,46.67668197807282,42.0,42.16266295814038,0.7,1.853649999999998,0.7,1.3659680398970653
58,1.0,-0.6699550364740787,26.0,26.215890593614784,2.7,4.648379999999997,42.0,41.322167466171436
59,2.0,2.4619458744381575,33.8,33.89540996470945,42.0,43.03557999999994,26.0,24.817934420322622
60,0.7,2.7104235531197105,16.1,16.571759143212432,26.0,25.115226666666658,33.8,32.27688899488736
61,2.7,4.686242189328112,5.0,5.5550440539612564,33.8,33.997166666666615,16.1,15.709963880975659
62,42.0,43.55293256272691,16.0,16.520846319731596,16.1,17.41851666666668,5.0,5.078150309276006
63,16.1,16.934438979129425,32.0,31.012039604672413,5.0,4.901853333333331,16.0,16.415652258250393
64,16.0,17.961521326460826,31.0,30.737188924082915,16.0,17.818920000000002,32.0,30.624502620749173
65,32.0,35.38339894251848,29.7,29.527386260428734,32.0,32.24853333333332,31.0,30.348443001973695
66,31.0,31.192249889358862,12.0,13.009197922974511,31.0,29.615876666666644,16.4,15.737599884040664
67,12.0,20.55833683494265,16.4,16.160623765078515,29.7,29.26939666666664,4.4,4.970046714954547
68,2.3,3.1003616907952107,2.3,2.47386518704185,12.0,15.715733333333336,5.0,4.532450093472595
69,4.4,6.299313727492603,4.4,5.0539389546174345,4.4,7.285816666666656,23.0,20.586249743383533
70,5.0,2.6187086874660395,5.0,5.316002012789379,5.0,4.089083333333338,33.0,32.327065378905104
71,23.0,18.1221085400081,23.0,22.33485981921835,23.0,23.131670000000014,9.0,9.7567735580238
72,33.0,35.73681258935474,33.0,32.82665008198956,33.0,33.257883333333346,50.0,48.08227485493637
73,50.0,46.60196915301029,9.0,9.306791959527013,9.0,9.354316666666659,19.0,17.77227025685127
74,19.0,13.952097429719998,50.0,49.667565998478544,50.0,48.15116333333333,8.0,9.337852814440872
75,8.0,11.879668875398835,8.0,8.788378239565837,19.0,17.632556666666662,16.8,16.348214206833013
76,21.0,27.02196754408871,17.1,16.555408888077068,8.0,9.770526666666655,0.0,0.07557049757131712
77,17.1,14.935668613330392,13.0,13.056166773750892,17.1,16.185066666666682,5.0,6.383710562965807
78,13.0,7.169748783437939,16.8,16.27795543086304,13.0,11.774449999999998,10.0,9.25308136137864
79,16.8,13.810449450146223,0.0,0.2103294339851431,0.0,1.1663533333333314,55.0,52.65838874615885
80,0.0,-1.805876052994364,5.0,5.953372819041305,10.0,11.13576666666662,17.5,16.866081745232012
81,5.0,9.967497767364137,10.0,9.885154111363793,55.0,55.23047333333322,10.5,10.25422867930592
82,10.0,9.43389735194583,17.5,17.615298352950504,17.5,18.41387333333332,5.0,4.716863322501633
83,55.0,50.54455645444486,10.5,10.813472525553141,5.0,6.291323333333339,3.0,2.8929428292944728
84,17.5,15.40200945200425,10.0,9.388517378590485,10.0,6.999760000000013,0.1,1.1596994058303456
85,3.0,3.8364800713719944,3.0,3.429246456907744,3.0,3.538050000000003,34.0,33.687836828810006
86,0.1,3.963916002844826,34.0,34.20050004972628,0.1,2.2005833333333324,3.3,2.8156835712990658
87,3.3,0.07515244851413172,3.3,3.2483707104280377,34.0,33.69828666666662,39.0,37.1438787771834
88,39.0,39.16854199465453,39.0,38.34023918768605,3.3,3.1827500000000017,16.0,15.977155674921402
89,16.0,17.39224497892991,16.0,16.207934062264854,16.0,16.428373333333333,50.0,48.46228437166016
90,50.0,47.8053226203036,50.0,49.722329963596664,6.0,7.860449999999987,6.0,6.333552459102841
91,0.0,3.117548996546219,6.0,6.425227784791564,33.1,33.21280000000002,0.0,0.08575972581407293
92,33.1,33.44877786649349,0.0,0.6396980239068099,40.0,41.937039999999975,30.0,28.71665629534926
93,40.0,39.94937929093928,33.1,32.96740058939567,30.0,28.96608333333331,16.0,14.638221793679548
94,30.0,29.291868065802277,40.0,40.093680557462605,16.0,14.930499999999995,32.0,30.61091571206133
95,32.0,30.113770584275898,30.0,29.881847845802287,32.0,30.651809999999987,32.0,30.221719590678322
96,61.0,53.2169595063402,16.0,15.724147000101034,61.0,56.212723333333194,15.0,15.208209479094045
97,32.0,25.481168307251693,32.0,31.71830969357382,32.0,33.948496666666635,23.7,22.88786847495154
98,15.0,15.295977293221085,15.0,15.495369998919452,15.0,15.436453333333338,0.0,0.7782875106141841
99,23.7,27.12583352593967,23.7,23.989255778929625,0.0,3.9610499999999984,44.0,43.33433929117062
100,0.0,9.31887821373553,0.0,0.2831573456071798,44.0,45.780896666666514,11.0,10.93777869776894
101,44.0,46.235579717691536,44.0,44.594266561553916,41.0,36.92928999999994,2.7,2.903916684019199
102,41.0,40.99999999999997,41.0,39.41655298293939,11.0,12.292393333333347,3.0,3.065243550659453
103,2.7,0.00811032352820007,11.0,11.191106752742341,2.7,4.884866666666657,24.0,23.208830758237536
104,2.3,6.367584705660619,2.7,3.804962238989055,2.3,6.7456799999999895,9.4,9.31385442442123
105,24.0,23.216574389867304,2.3,2.9523222726458913,3.0,3.091903333333336,35.9,34.40898593431557
106,3.1,5.960943702997781,3.0,3.2020499622017327,24.0,22.568183333333334,21.3,19.616089148519478
107,9.4,9.371333903509878,24.0,23.535984591730482,3.1,5.368633333333328,2.0,2.01197576076288
108,35.9,38.57767033291569,3.1,3.6595459970329927,9.4,8.44309,50.0,48.748875001701634
109,21.3,15.397456010477725,9.4,9.533735325700873,35.9,31.10431333333329,18.1,18.608722327146076
110,2.0,-1.7193158531450194,21.3,19.690154732133752,2.0,2.574083333333333,14.6,13.831537923467328
111,18.1,19.467742422421082,2.0,2.2400600825334465,50.0,48.34891000000004,16.2,15.734632354895423
112,14.6,12.461693462412683,50.0,49.628848628320995,18.1,18.1741,4.0,3.322955925071824
113,16.2,15.388862305473452,14.6,14.950147482197545,14.6,14.847970000000009,12.8,13.199173212847601
114,4.0,3.2196083924064283,16.2,16.603298942330476,4.0,4.334643333333338,30.9,30.408495667107882
115,12.8,12.666494729437005,4.0,4.199067662493292,12.8,13.660696666666675,29.3,28.87456764132711
116,30.9,32.376051567846986,12.8,13.479732961908667,30.9,30.082963333333293,38.8,38.14671445763972
117,38.8,43.15738973203648,30.9,30.602485092637714,29.3,29.135586666666644,34.4,33.10410422972201
118,34.4,32.83073539643155,38.8,39.05815764859791,38.8,38.87894333333331,10.3,10.619811098191908
119,48.6,45.43716658618084,34.4,34.55152162016099,34.4,35.087033333333345,49.1,47.62969638874985
120,49.1,48.15254874148812,10.3,11.121812031414317,10.3,11.696373333333339,22.4,21.857576231231196
121,17.0,14.752619423138668,18.5,18.386922074069386,18.5,17.491996666666655,30.3,29.997657379221575
122,30.3,32.258089199317766,48.6,47.89730611389839,48.6,47.840706666666634,31.0,30.28844901921162
123,31.0,29.872214755203657,49.1,48.75416624566738,49.1,48.874350000000014,36.4,35.828559822819614
124,36.4,34.14103716361703,17.0,17.27621857269807,22.4,19.908940000000044,36.6,36.683546322815516
125,36.6,39.14262786075548,22.4,22.208273947486,30.3,31.693943333333362,13.0,14.159649674189332
126,43.0,43.20893101299336,30.3,30.44826423686011,31.0,30.296786666666698,3.2,3.223680495427153
127,13.0,12.831240092873742,31.0,30.770292824042784,36.4,34.40913666666663,15.0,13.966983526519579
128,3.2,6.003522222102134,36.4,36.336168328909515,36.6,38.233013333333304,40.9,40.66996673359259
129,40.9,44.18225492476304,13.0,13.360502111452186,43.0,43.55955000000007,11.3,11.909456698659046
130,11.3,17.06993937554924,3.2,3.5101651255744675,3.2,3.844586666666665,33.0,31.23750489598921
131,33.0,28.225509593654152,15.0,15.023869521712342,15.0,13.377873333333357,59.0,57.60910728258743
132,59.0,57.98583354905597,40.9,42.024557854540014,40.9,44.064663333333414,0.4,0.3144969956191601
133,0.4,2.335417193283689,11.3,11.85338728316343,11.3,12.178796666666672,33.0,31.979971639552875
134,33.0,35.1203442669121,33.0,32.80146739028206,59.0,49.35332666666652,12.2,11.640530962795609
135,0.1,-1.112740296517785,59.0,54.06022302956419,0.4,2.200286666666664,0.1,0.2703461205630686
136,11.7,12.056351229439741,0.4,1.1262634527441655,33.0,32.162100000000045,38.0,37.27665261863568
137,52.3,49.90831090916603,33.0,32.8344478939551,42.1,41.56750999999998,37.8,37.09824601246315
138,38.0,36.20528781822756,12.2,11.91804774940095,12.2,8.457463333333315,11.8,11.895520342023469
139,41.1,43.010328352331356,11.7,11.61560957731532,0.1,2.073069999999998,16.4,16.06495242020251
140,37.8,36.766943372052395,52.3,51.78099418863652,11.7,8.98057666666667,31.2,30.00939229660663
141,45.4,39.22377810518262,0.8,1.4323122841497937,52.3,46.46838333333334,40.2,40.51768446388712
142,13.5,12.663848975863601,38.0,38.11162507107331,0.8,2.5359466666666655,42.3,41.071487527488074
143,29.5,24.839903806298565,41.1,40.765720122050205,38.0,39.00100999999994,42.6,42.27478657822367
144,11.8,14.344758167842173,37.8,37.6120020337762,41.1,40.72329333333335,47.3,46.190132918317545
145,16.4,17.240198350523627,13.5,13.578821197377334,45.4,44.971956666666706,55.2,52.147697453159736
146,31.2,26.97186290540762,29.5,29.6679261212965,11.8,12.251750000000026,3.2,3.215063663258159
147,40.2,42.55193284497827,11.8,12.086024638444087,16.4,15.737319999999979,36.3,35.438552870031586
148,42.3,39.45743555212957,31.2,30.519084555441786,31.2,29.523256666666718,36.3,35.396887478634525
149,42.6,39.91456639550623,40.2,40.519036639013954,40.2,41.41683666666666,6.0,5.689181752978198
150,36.3,38.83859696482713,42.6,42.741832229158014,42.3,42.96308333333337,31.0,30.421637030824296
151,36.3,33.83680081275239,47.3,46.783907138370076,42.6,43.88184999999997,5.0,4.480772048407975
152,5.0,5.88850320607969,55.2,52.2692187123391,47.3,46.90007999999995,6.0,5.048247214711472
153,6.0,2.649279821708035,36.3,35.59885652219625,55.2,49.32394,21.1,20.651606147496196
154,21.1,23.069466091528028,36.3,36.052655988906864,3.2,4.0876433333333315,3.0,2.6496453393777637
155,3.0,1.7572492601475744,6.0,6.413830425890531,36.3,35.344686666666696,41.2,40.418506881346815
156,41.2,44.95448802021323,5.0,5.288513631429538,6.0,7.325546666666669,40.6,40.567942804383506
157,40.6,47.037541672541266,6.0,6.500917123435191,6.0,6.69441333333334,25.0,24.790475249004537
158,25.0,28.13761310695233,21.1,21.23587145746982,21.1,21.98287000000003,0.1,-0.009068472502568148
159,0.1,0.3133860528880632,3.0,3.1994837652932646,3.0,3.1265733333333334,0.0,0.7826259787821781
160,11.0,14.792358753667799,0.1,0.41015445107891324,41.2,40.75074333333329,11.0,11.686639354048078
161,37.0,31.152415845815057,0.0,0.8869933988348965,40.6,41.07150333333328,37.0,34.28236465071912
162,19.5,21.413417289977843,11.0,11.293585112963084,0.1,1.1853999999999996,19.5,20.616973087280233
163,16.0,24.77950692998772,37.0,36.01121254436303,0.0,4.112136666666666,16.0,16.625577639657248
164,44.0,38.927168693698405,19.5,19.992406040775318,37.0,32.67648333333325,44.0,41.825816624226675
165,25.0,28.96414859479617,16.0,16.11647076841949,16.0,16.235230000000012,25.0,24.534070444746213
166,16.4,14.15539475571805,44.0,40.89907328412071,44.0,38.88771333333324,16.4,15.930526921351415
167,57.0,59.44108366140719,16.4,16.936338307441385,25.0,26.346136666666663,57.0,55.77437932753355
168,29.8,27.12818959820578,29.8,30.13493877019529,29.8,27.623076666666663,29.8,30.218533103936853
169,27.3,32.185695107908316,29.6,29.590104009605216,29.6,30.0587866666667,29.6,29.66472291074278
170,26.6,27.560844373619716,27.3,27.110922658220108,27.3,27.13360333333334,27.0,27.67527786509838
171,18.0,13.771435154877565,27.0,26.420118693402674,27.0,25.186050000000016,26.6,27.588472725463657
172,17.2,20.848040553105363,26.6,26.436507875506432,26.6,25.847603333333332,24.0,24.278666995443288
173,14.1,18.41230539478721,24.0,24.360393349162294,24.0,24.504076666666673,20.0,20.279113771214526
174,20.0,17.666466892898825,20.0,20.047199112364144,18.0,17.711723333333342,18.0,17.550312592677013
175,20.0,19.513049816660384,18.0,17.68727324994116,17.2,17.095739999999996,17.2,17.643857293871168
176,19.2,21.013919038094684,16.0,16.31935468183101,16.0,16.488696666666673,11.9,12.181479528863381
177,14.3,16.364847089399632,11.9,11.91239743022183,11.9,12.280083333333328,14.1,14.199545517998699
178,17.1,14.477726409058505,20.0,19.50802148869316,20.0,18.847596666666664,20.0,19.656602904032567
179,16.5,13.413602826600481,20.0,19.764061296600293,20.0,19.59152666666668,19.2,19.25852925990212
180,11.0,16.06573213568447,19.2,18.940255092047156,19.2,19.025420000000004,14.3,14.664540633752658
181,27.7,28.09805475519579,17.1,17.04727343816451,14.3,16.423696666666668,17.1,16.682196744712456
182,27.8,29.75725290821532,16.5,16.499037494446753,17.1,16.94287666666667,16.5,16.227735702677176
183,14.8,16.51217283099197,11.0,11.699193773242467,16.5,15.571636666666665,11.0,11.658294866972247
184,15.3,16.73860470790362,27.7,27.795651099423434,11.0,13.327989999999994,27.7,28.981994770586525
185,16.4,17.725757751371816,27.8,27.637804527810044,27.7,28.3025966666667,27.8,28.77868511545536
186,21.2,14.536025590443046,14.8,15.158427325798101,15.3,16.650356666666692,14.8,14.607723080772631
187,16.2,17.782134724003413,15.3,15.447234738383452,16.4,16.183146666666676,15.3,15.1224919142706
188,17.4,14.421931082025822,16.4,16.302746543560772,21.2,19.605750000000004,16.4,16.23494977878121
189,15.4,14.792598840224457,21.2,21.222688959789437,27.1,28.300053333333338,21.2,20.986852503454443
190,17.5,18.21200293408333,27.1,27.687311729598008,16.2,15.584616666666669,27.1,27.64091931959285
191,17.0,13.313134412766033,17.5,17.31990197750364,17.4,17.227576666666664,17.4,16.58415122493921
192,17.0,12.767041108471176,15.1,15.469235122303795,15.4,15.628876666666658,15.4,15.139971650214306
193,17.1,16.35123265018501,17.0,17.085185646530416,17.5,17.252156666666664,17.0,16.117683341765794
194,15.0,18.06775325236225,17.1,17.250992211625512,15.1,16.830276666666695,17.1,16.917801541079267
195,15.1,17.54217436980292,15.0,15.265357471082146,17.0,17.28394333333333,15.0,15.130346831195872
196,15.0,15.133870813423641,15.1,15.436796133789752,17.1,17.199873333333336,15.1,14.974597050394742
197,16.0,10.707372334801562,16.0,15.630978904370712,15.1,15.517416666666664,15.0,14.67578652878879
198,16.0,15.513428444101692,16.6,16.248350844680456,15.0,14.129309999999988,16.6,15.991872820104042
199,16.6,14.835057667665012,18.0,17.920833377098063,16.0,14.476009999999985,18.0,18.010818720256125
200,18.0,19.2624811866811,18.0,17.73840073031138,16.0,15.418526666666642,18.0,17.73977667962889
201,19.0,21.552947033735563,19.0,19.031584274486296,16.6,16.597169999999995,19.0,19.475099375342207
202,19.0,21.410686747160355,19.0,19.53859999990201,18.0,17.988496666666663,19.0,19.116986350717553
203,18.0,19.0756351969535,15.0,14.727712294281295,18.0,18.068003333333326,18.0,18.164293737756775
204,15.0,13.134564726359088,17.0,17.14825759749595,19.0,20.314083333333333,15.0,14.985735714804022
205,17.0,18.568505901032495,15.0,15.316963681767225,15.0,14.651926666666636,17.0,16.506936561248974
206,15.0,12.480388164153112,17.2,17.296926439436024,15.0,14.109663333333318,15.0,13.914875118856637
207,27.0,28.78415110086837,16.6,16.50861146515881,27.0,25.60129000000001,16.6,17.08618943070053
208,17.2,17.651589907977325,22.4,23.065272148556605,22.4,24.180603333333316,22.4,23.59103011267765
209,22.4,25.929944517529975,16.1,16.143672102530974,16.1,16.091736666666666,22.0,21.335900215158937
210,22.0,18.863431216711945,23.0,23.105594914982404,23.0,22.85474333333333,16.1,15.198123019583257
211,16.1,14.015800299843022,32.2,31.65592310150174,32.2,30.47250333333333,23.0,23.217632602242464
212,23.0,22.942523426707282,47.2,46.473367225150376,47.2,44.83637666666665,32.2,33.302614267442706
213,32.2,33.29902807346639,0.0,0.1327272884000544,0.0,1.2553966666666643,47.2,48.874808934156256
214,47.2,47.34498316937214,19.0,19.123731556377013,35.0,33.884939999999986,0.0,-1.296561798019752
215,0.0,-1.80300152275845,23.0,22.87592192451479,19.2,19.562163333333334,19.0,19.29733741606521
216,19.0,21.299055285691622,35.0,34.725856415034,19.0,18.45605666666666,23.0,22.88166381236966
217,23.0,18.98686579834441,19.2,19.24266166798053,20.0,19.00296333333334,35.0,35.6252589014571
218,35.0,33.70111046389695,19.0,18.656098707035184,19.0,19.843383333333318,19.2,19.810371383647507
219,19.2,21.47304090039279,19.0,19.08594358073394,19.8,20.35787666666664,19.0,18.62137016423435
220,19.0,16.495481929425978,19.8,20.121542745138154,4.0,3.21792,19.8,20.065919014192044
221,20.0,12.810324478732639,4.0,4.277768236402077,38.0,38.235073333333226,4.0,3.188653070845942
222,19.0,20.012188512857676,38.0,38.157327086180715,55.0,55.13623000000007,25.0,25.92634806177388
223,19.8,19.319083074726905,25.0,25.54944578945602,1.0,1.7416066666666676,55.0,56.48260184304755
224,4.0,5.364428786252915,55.0,54.96726288425206,2.0,1.669966666666661,1.0,-0.027439121211974227
225,25.0,25.707209641655254,1.0,1.2386247764537104,0.7,2.020746666666673,2.0,0.9413757873516921
226,2.0,2.1804781691273547,2.0,2.1031017064994426,2.7,7.689329999999976,40.0,41.36933293337466
227,40.0,38.52414899835014,40.0,39.393714145449664,26.0,24.81384666666669,0.7,-0.29592854626350074
228,2.7,3.327667234026876,2.7,2.738657572254584,33.8,31.737963333333326,2.7,1.8136367573192622
229,42.0,41.79076088358198,26.0,25.6686110858666,16.0,17.435639999999996,26.0,26.23382552128343
230,26.0,23.366015342745072,33.8,33.39146146921721,31.0,30.798926666666627,32.0,32.96819802573869
231,33.8,33.450973008456344,16.1,15.957952781190778,29.7,28.711033333333322,31.0,32.17215659482923
232,16.1,15.263143266612815,5.0,5.4390766813753775,12.0,15.643536666666694,29.7,30.500304300318962
233,5.0,4.892257513044001,32.0,31.313411541153428,16.4,16.518486666666654,12.0,13.361294362718912
234,16.0,19.100049717999923,31.0,31.04181581773745,2.3,4.583416666666662,16.4,16.13995105241788
235,32.0,33.83439634510597,29.7,29.256486431490522,4.4,9.778289999999963,2.3,1.1251098317729706
236,31.0,31.926159915486437,12.0,12.724548529114722,5.0,4.432906666666676,4.4,3.8743956657284784
237,29.7,30.316323560475553,2.3,2.5935599902330275,23.0,20.86059000000001,23.0,22.800833171635826
238,12.0,22.61624986756169,4.4,4.680256390351596,33.0,32.25902666666664,33.0,34.551010038599316
239,16.4,14.4722186289614,23.0,22.852386385909703,9.0,10.41419333333334,9.0,8.914860650970091
240,2.3,2.2530490267452024,9.0,9.242072764263591,50.0,52.49363666666677,50.0,51.72221509519409
241,4.4,8.127413452288238,50.0,50.051002692983516,21.0,24.689710000000016,19.0,18.502333902808
242,5.0,3.4652210915071464,19.0,19.046771244152485,17.1,16.060143333333357,8.0,8.016775326079934
243,33.0,31.175836254847127,8.0,8.55261566310532,16.8,16.26663333333332,21.0,21.94614286810268
244,9.0,12.553513021672757,21.0,21.287396181476986,0.0,0.9574699999999994,17.1,16.974488112479865
245,50.0,50.20575053585446,17.1,16.701802001652858,5.0,8.333623333333334,13.0,12.197821292895005
246,21.0,22.772057903658947,13.0,13.336911613450175,10.0,7.936976666666639,16.8,16.475962704000686
247,17.1,16.88044284330823,16.8,16.82974118169152,55.0,53.252740000000095,0.0,-1.2187334438374149
248,16.8,15.212857502432144,0.0,0.31733840604003183,17.5,18.236306666666664,10.0,9.763138293738184
249,0.0,-0.41436226054480585,5.0,5.661463668410824,10.5,11.481179999999995,55.0,56.92696348158978
250,5.0,11.955115980611879,10.0,9.860868961435587,5.0,6.048526666666683,17.5,17.23009507129803
251,10.0,10.725300255314778,55.0,54.49285288372256,10.0,7.237313333333355,10.0,9.111989300626837
252,55.0,50.52411238797106,17.5,17.282554721247497,3.0,3.28799333333333,3.0,1.8472768303683784
253,17.5,16.93022066575844,10.5,10.794070274802232,34.0,35.72851999999994,0.1,-0.7684632747118944
254,10.5,15.759516283912433,5.0,5.306551770142612,3.3,3.1236033333333326,34.0,35.4134703182255
255,5.0,7.844391669756703,10.0,9.446249451502373,39.0,36.214173333333314,39.0,39.949068835698846
256,10.0,9.69423383406496,0.1,0.5864333526394478,16.0,16.25286666666668,16.0,16.08383717291762
257,3.0,-1.570980560152691,34.0,34.10289916977327,50.0,53.49331333333344,50.0,51.43555619980502
258,34.0,37.23773505796805,3.3,3.3956181183690175,6.0,8.465966666666665,6.0,4.855775938069585
259,3.3,0.2437521801214757,39.0,38.05844010742881,0.0,3.3972733333333403,0.0,-0.9044214961265564
260,16.0,15.734620277275894,16.0,16.112950777059428,33.1,34.34703999999996,33.1,33.48222864606454
261,50.0,45.392533734368214,50.0,50.026815600428506,16.0,14.204949999999997,40.0,41.40194922201735
262,6.0,4.93980307777997,6.0,6.728622856129548,61.0,55.86026666666675,30.0,30.311473445394856
263,0.0,3.5494902779832387,0.0,1.184448542771079,32.0,33.05748000000003,16.0,15.68516965645011
264,40.0,38.37740760904751,33.1,32.89767959742044,15.0,14.169983333333322,32.0,32.26440890107627
265,30.0,26.744633403975456,30.0,29.699226906814758,23.7,24.439906666666673,61.0,62.25842477958487
266,16.0,14.758394215503131,16.0,15.861448343422811,44.0,37.40740666666666,15.0,14.768289053262533
267,61.0,51.75241149044291,32.0,31.72876127076445,11.0,11.541790000000004,23.7,24.378345518481584
268,15.0,16.243728835038155,61.0,59.357502091864774,2.3,4.452439999999995,0.0,0.003047995410711213
269,23.7,25.781648692061026,32.0,31.629831567898087,3.0,3.3367533333333337,44.0,45.84900065984745
270,44.0,44.26848895985603,15.0,15.45022050360015,24.0,21.792099999999984,41.0,42.35682402792759
271,41.0,42.47585100164878,23.7,23.66773235477702,9.4,10.751346666666674,11.0,10.601234532836775
272,11.0,11.403625587387523,41.0,40.58925641238462,35.9,29.753926666666587,2.7,1.2457234203200573
273,2.7,0.23042877241397264,11.0,11.080610194955549,21.3,17.935130000000026,2.3,1.6685937097655756
274,2.3,7.708437015293839,2.7,4.192273538763981,2.0,2.4882366666666678,3.0,1.5764988281474084
275,3.0,5.00027666746081,2.3,2.7050024452022616,50.0,48.577776666666786,24.0,23.907630877730035
276,24.0,21.164588778886753,3.0,3.1828478389901074,18.1,18.50481333333332,3.1,2.5261929058748422
277,21.3,15.982363069160726,24.0,24.039089679548805,14.6,14.582083333333333,35.9,37.15418864516656
278,50.0,48.26840020474947,3.1,3.4840735020963245,16.2,16.00133666666667,21.3,20.27879262477114
279,18.1,19.45585886748296,9.4,9.264653740971776,12.8,13.138633333333322,2.0,0.9365069846834957
280,14.6,11.882317066486962,35.9,33.380071425106905,29.3,29.279586666666646,50.0,51.897135537952664
281,16.2,14.64239561571253,21.3,20.170485101549488,38.8,39.12832333333329,16.2,15.901007656089963
282,12.8,12.585635461357072,2.0,2.319408672317721,10.3,11.773336666666665,12.8,12.174185254753743
283,30.9,32.721268558012866,18.1,18.2485591668146,18.5,17.352853333333357,30.9,31.880570522796205
284,29.3,26.551394759505797,14.6,14.77913564300949,48.6,48.25857333333348,29.3,29.78557289861541
285,38.8,41.21081575748656,29.3,29.343598588541653,49.1,48.62788000000012,38.8,40.358924183280045
286,34.4,32.44149166883744,34.4,33.830163307883815,17.0,18.10174333333334,10.3,10.141721426911577
287,10.3,12.34373165966582,10.3,10.692622086923297,22.4,20.54950333333336,18.5,19.177763926104454
288,18.5,21.755167676338942,48.6,48.281652492473704,30.3,30.83968333333333,48.6,49.84248197038587
289,49.1,49.316078749143855,49.1,48.459381665909326,36.4,34.70945999999992,17.0,16.889598818333774
290,17.0,16.418937542160506,17.0,17.89149623162643,36.6,37.44641999999998,22.4,22.299475191098658
291,22.4,18.2677205469372,30.3,30.35583686524414,43.0,44.25171999999998,30.3,31.215310932410738
292,30.3,32.40073851631416,31.0,30.987523779614513,13.0,13.601196666666674,31.0,32.003988555703145
293,31.0,29.67842088535963,36.6,36.926688328206936,3.2,4.884823333333325,36.4,37.111840918188186
294,36.4,33.06302166758479,43.0,42.75224297340073,15.0,14.040633333333346,36.6,39.04284631192394
295,43.0,44.08656164083584,3.2,3.504892443397665,11.3,12.12617666666667,43.0,44.69808706566529
296,13.0,12.67899075949822,15.0,14.818664491886777,33.0,31.44965333333331,13.0,12.840907584990918
297,3.2,2.367785052797217,40.9,40.81869570360537,33.0,30.83034000000004,40.9,43.157222335738105
298,15.0,13.684205457581982,33.0,32.585803867025795,42.1,41.8583566666666,33.0,33.397824774928466
299,40.9,48.13674540064426,59.0,56.94451229167181,12.2,11.14019,59.0,61.543603454668926
300,11.3,14.510054482137775,0.4,0.7600307915227276,0.1,4.93563999999999,0.4,-0.4371515183566822
301,33.0,27.99567272571835,33.0,32.65420397087716,11.7,9.422906666666664,33.0,34.0150870175458
302,33.0,34.52703907370278,42.1,41.97492724171067,52.3,50.74272666666676,42.1,43.368146973745915
303,42.1,37.750595392555056,12.2,11.865102369379883,0.8,2.783006666666663,0.1,-1.0500441511154432
304,12.2,13.260441630269497,0.1,0.737875028921145,38.0,38.74247999999997,11.7,10.917483230031342
305,0.1,-0.6143312052441843,11.7,11.626181952700431,41.1,40.403376666666574,52.3,53.92384981503189
306,11.7,12.696274414809864,52.3,51.2178703904751,37.8,37.98972000000001,0.8,-0.2739883502610929
307,52.3,51.16654597273708,0.8,1.0488982382249816,45.4,44.54126333333336,38.0,39.31659381723382
308,0.8,1.3957426122510697,38.0,38.537823350236486,13.5,15.231213333333347,41.1,43.03945743353088
309,37.8,40.02749796020578,41.1,40.952973764686256,29.5,29.873516666666635,37.8,38.84182237956122
310,45.4,43.12511373019328,37.8,37.757535132589986,11.8,12.448100000000007,45.4,46.73910557673465
311,11.8,12.507328915937592,45.4,45.11472091224839,16.4,15.755976666666667,13.5,13.056181991086419
312,31.2,26.11370958146125,29.5,29.298949906586756,40.2,39.88013666666675,29.5,29.938070374996336
313,42.3,40.073371957427184,11.8,12.467721336041452,42.3,43.02817999999999,11.8,11.442656597288709
314,42.6,41.376400457861564,16.4,15.883590995060066,42.6,43.472866666666654,16.4,16.04256591810948
315,47.3,47.33463191859954,40.2,40.16259355350654,3.2,3.5241599999999957,31.2,31.508635906446166
316,55.2,48.9158956578072,42.3,42.31705993059052,36.3,34.915503333333305,40.2,42.24724273619294
317,3.2,0.9648654611862639,42.6,42.364639031813525,36.3,35.30404,47.3,48.99140354843259
318,36.3,36.8192251675153,3.2,3.730840973840162,6.0,7.073990000000024,55.2,55.959548516388324
319,36.3,34.625398991548195,36.3,36.05963721604731,31.0,29.046006666666678,3.2,2.011601647268546
320,6.0,5.854641425808552,6.0,6.4198915533599035,5.0,5.66329333333335,36.3,37.5546095611005
321,31.0,31.25347290070431,31.0,30.77496360725067,6.0,6.208720000000021,6.0,5.066664593005065
322,6.0,5.263132281371611,5.0,5.424481142914268,21.1,21.76075333333334,31.0,31.817950232262085
323,21.1,25.451564809652155,6.0,6.090416118046318,3.0,2.6687066666666674,21.1,21.38054065859026
324,3.0,2.8108503005831267,21.1,21.310055691675775,41.2,40.58834333333329,3.0,1.6808730942581942
325,41.2,45.91323771774387,3.0,3.128262888817105,40.6,40.57436333333331,40.6,42.83095456980501
326,40.6,47.91742262620596,41.2,40.86083437961986,25.0,26.395983333333355,0.1,-1.4491291930590557
327,0.1,-0.789964551451817,40.6,40.67670720545413,0.1,1.1814399999999976,0.0,-0.5085292038878308
328,0.0,6.606207190064367,25.0,24.975029863538687,11.0,11.93545000000001,11.0,10.98074378463507
329,11.0,14.085789151135941,0.0,1.6441098391047626,37.0,34.02951333333335,37.0,37.60784947590282
330,37.0,31.66749735527935,11.0,11.138470927690197,19.5,22.86161999999999,19.5,20.159252161512907
331,19.5,22.260945150779776,37.0,36.2267133684323,16.0,16.146156666666663,16.0,17.10983636673694
332,16.0,26.293789078134523,19.5,19.90278564732358,44.0,38.32212666666655,44.0,44.840205587010516
333,44.0,39.30221722116221,25.0,24.39589511686333,25.0,25.69673333333333,25.0,25.942158626396044
334,16.4,13.225651237770194,16.4,16.421262114250887,16.4,15.671950000000006,16.4,16.120852150219484
335,57.0,58.597733060835594,57.0,56.96414322017982,57.0,55.949436666666735,57.0,59.9767661023993
336,29.8,22.55748043924764,29.8,29.819325027181353,29.6,29.564463333333386,29.8,29.001515005130777
337,29.6,24.266210104357214,29.6,29.365524651568375,27.3,26.932219999999997,29.6,29.110777317128523
338,27.0,30.40760523758867,27.3,26.630682976749565,27.0,25.308680000000017,27.3,28.01240106952844
339,26.6,30.81089852768497,27.0,26.89156631503286,24.0,24.041496666666713,26.6,27.218512614330056
340,24.0,23.48883860009024,26.6,26.537275160256304,20.0,20.06426999999999,20.0,20.427915328421943
341,20.0,20.12641075667638,18.0,17.60021212896829,18.0,17.56253000000002,18.0,17.169569316632515
342,18.0,15.886072984457371,17.2,16.79756958812949,17.2,16.986430000000016,16.0,17.090355641040848
343,17.2,18.013812093552815,16.0,16.19428856567939,16.0,16.220036666666658,11.9,12.538908029657794
344,16.0,20.765819118390255,11.9,12.386332446604142,11.9,15.151013333333323,14.1,15.161063593200112
345,11.9,12.644661531334222,14.1,14.371643068591295,14.1,14.511690000000002,20.0,19.71460305797364
346,14.1,17.383355271042348,20.0,20.037623034666158,20.0,19.666456666666654,20.0,19.504625280352293
347,20.0,19.88371721103094,20.0,19.377937665012677,20.0,19.261816666666654,19.2,19.217353469003797
348,20.0,20.065184696053223,19.2,18.889095116423345,19.2,18.952990000000007,17.1,16.825800892876625
349,19.2,19.345925641946096,14.3,14.808609724956387,14.3,16.325920000000018,16.5,15.801311988228694
350,14.3,17.43443808030304,11.0,11.933716044666795,17.1,16.98155666666668,11.0,12.489708539074256
351,17.1,15.410534064711584,27.7,27.62266961852757,16.5,15.871370000000013,27.7,27.96562293465631
352,27.7,33.02361637380842,15.3,15.073898573184179,11.0,13.038943333333332,27.8,28.269554990628883
353,27.8,32.0924786027182,21.2,20.511165506251626,27.7,28.116223333333338,14.8,15.344829503038971
354,14.8,18.351674666951986,27.1,27.406546774006483,27.8,27.996836666666674,15.3,15.510771046258254
355,15.3,15.09119431024741,16.2,15.998150656853106,14.8,19.30870000000001,16.4,16.382001341550705
356,21.2,19.70593570072087,17.4,17.465112736148864,15.3,16.360513333333348,27.1,27.064784030705876
357,27.1,28.268687018805522,15.4,15.393960065376659,16.4,16.23630333333335,16.2,16.707041160794553
358,16.2,16.850023964059886,17.5,17.331396084730013,21.2,20.257313333333315,17.4,16.908139146869622
359,17.4,16.69929291699249,15.1,16.09284221228783,27.1,28.860146666666697,15.4,15.207318014668934
360,15.1,20.131874809229664,17.0,17.573274278234702,17.4,17.226003333333335,17.5,17.25341203074719
361,17.0,13.663517819782427,17.0,16.61196764861027,15.4,15.370073333333346,15.1,16.536506539258717
362,17.1,18.491739248500764,17.1,17.213961944249643,17.5,17.25020999999998,17.0,16.701759823824514
363,15.0,16.311446314198875,15.1,15.396039128933259,17.0,16.471403333333317,17.0,16.392536338569837
364,15.0,16.71445472599573,15.0,14.918609401811137,17.1,17.509036666666656,15.0,15.66820300764676
365,16.0,11.01515853768602,16.0,16.15224342711218,15.0,14.798033333333322,15.1,15.859088413806926
366,16.0,13.812142502854101,16.0,15.649107267785332,15.0,14.17931666666667,15.0,15.067911085489175
367,16.6,12.103797101456806,16.6,16.47210464792986,16.0,15.38289333333333,16.0,15.824435318423067
368,18.0,18.63251323719554,18.0,17.921079799734656,16.6,16.41486333333339,16.0,15.806958207838242
369,18.0,18.323763252582452,18.0,17.84512514486441,18.0,17.939210000000006,16.6,15.745691343722902
370,19.0,18.866176197333132,19.0,18.906101368957266,18.0,18.10462000000001,18.0,17.65730861786859
371,18.0,19.58862368371436,19.0,19.885347890795316,19.0,19.566290000000013,18.0,17.898003163798528
372,17.0,13.965034690843964,18.0,18.22786568801578,19.0,19.15084000000001,19.0,19.590428783548656
373,15.0,13.321760312434776,15.0,15.030839368445315,18.0,18.87763666666667,19.0,19.071659384184233
374,27.0,28.345892382736785,15.0,15.193879673065672,15.0,14.287263333333323,18.0,18.301901672199953
375,16.6,20.239689063332392,27.0,26.94461004430711,17.0,16.974316666666674,15.0,15.387304756823143
376,22.0,18.414617732901235,16.6,16.482604161837873,15.0,14.36219000000001,17.0,17.272603303851238
377,16.1,12.571764723043465,22.4,23.14328917624363,27.0,25.847996666666678,15.0,14.701501719398923
378,32.2,34.5949874051895,22.0,21.401143540525517,17.2,18.34823333333334,27.0,27.57596524412164
379,47.2,46.36629055980689,16.1,16.001245604907908,16.6,17.62290666666669,17.2,17.831174737453853
380,0.0,-0.6325172126560048,23.0,22.89496520153383,22.4,25.61464,22.0,21.25782731537283
381,19.0,18.658558361075777,32.2,31.915653766631905,22.0,21.04646999999998,16.1,15.498999592419452
382,23.0,20.325217886868607,0.0,0.22773122331037685,16.1,15.441726666666682,23.0,22.88800371191221
383,35.0,34.46083972655211,19.0,19.28610804964667,23.0,22.102563333333297,32.2,32.45015410042788
384,19.2,25.22101853483639,23.0,22.611525030711288,32.2,30.67507333333338,47.2,46.54915092808171
385,19.0,16.30034532899179,35.0,35.0311300543909,47.2,46.17546666666667,19.0,19.309703154130325
386,20.0,13.82596964763384,19.2,18.783683814146755,0.0,1.585396666666666,23.0,21.541064205723046
387,19.0,21.679360949815617,19.0,18.66382612778994,19.0,19.84874333333334,19.2,20.295730816138217
388,38.0,39.04337747429943,20.0,19.65580596156145,23.0,21.34073333333332,19.0,18.503713672964945
389,55.0,48.465823776041844,19.0,19.18894218495201,35.0,33.89311333333332,20.0,19.250054069994196
390,1.0,2.6640695282225355,19.8,20.371680882107114,19.2,19.521886666666678,19.0,19.817742325457218
391,40.0,38.33461855960698,25.0,25.587768643048488,19.0,17.7726466666667,19.8,20.22561112123216
392,0.7,-2.2563541419890143,2.0,2.396961510914178,20.0,18.676606666666665,4.0,4.290595033704483
393,2.7,3.2994912800106704,40.0,40.04566094315935,19.0,19.61194666666668,38.0,37.965133193358454
394,42.0,41.57525526714535,0.7,0.8904596174994034,4.0,3.183573333333338,25.0,26.183285280930175
395,26.0,24.066113927088054,2.7,3.0193296374943577,38.0,38.57950333333314,55.0,52.82303493494468
396,33.8,31.74014114718276,42.0,42.16070763425358,25.0,25.703863333333302,1.0,1.3164284470224463
397,16.1,15.28021250038357,26.0,26.559635474405276,55.0,55.42466333333315,2.0,2.2759116796053944
398,5.0,3.3846864950470774,33.8,33.88750937283901,1.0,1.689586666666667,40.0,39.68854875860473
399,32.0,32.47566364709224,16.1,16.527024889748038,40.0,35.421226666666605,0.7,1.1283946401404283
400,29.7,28.177883338551297,5.0,5.276541452951913,0.7,1.7891066666666644,2.7,3.5532022860456287
401,16.4,16.45816879467374,16.0,17.276917274183965,2.7,6.9220600000000205,42.0,41.991832350752794
402,4.4,7.144091287493126,32.0,31.84997313186661,42.0,42.763503333333304,26.0,25.593554323121104
403,23.0,18.03214114938968,31.0,30.807023523229244,33.8,34.03144333333333,33.8,33.046742228420726
404,33.0,33.4683104548815,29.7,29.67079750102719,16.1,16.762929999999994,16.1,16.16867723932392
405,9.0,11.390838447625072,12.0,13.280457059952392,5.0,6.9860600000000215,5.0,4.816016645876662
406,19.0,15.410243452254782,16.4,16.31990165564418,32.0,32.83415666666658,16.0,16.41480746916284
407,8.0,12.078451508470351,5.0,5.331414016146467,31.0,30.16722,32.0,31.531899814692594
408,21.0,25.71288509960455,23.0,22.63642257339974,29.7,28.90428666666665,29.7,29.21552544637382
409,13.0,9.931655586958755,33.0,32.71861841791648,12.0,15.420556666666679,12.0,14.062540104977403
410,16.8,16.900998891400846,50.0,50.380335746363464,16.4,16.634273333333322,2.3,2.3059587812567988
411,0.0,-1.878308200445943,19.0,18.89359421810889,2.3,5.09430333333334,4.4,5.02408990413242
412,5.0,14.152220219344208,8.0,8.544573513011764,19.0,18.592073333333317,5.0,4.794954884075938
413,10.5,11.666225817924357,21.0,21.41710659601817,8.0,11.277219999999994,50.0,49.96135265081649
414,5.0,6.267675852711456,17.1,16.04022160109815,21.0,24.395033333333338,19.0,17.823906453422747
415,10.0,7.619510055241264,5.0,6.015424680520776,17.1,15.740533333333328,8.0,9.120925619888826
416,3.0,2.7811971766824914,10.0,9.730044237752695,13.0,12.23747333333331,21.0,21.99397683819183
417,0.1,3.6982468845467125,55.0,54.51415864737117,16.8,16.645213333333317,17.1,16.47170535216807
418,34.0,36.16928660300223,17.5,17.381510226969453,0.0,0.9170900000000021,13.0,12.743467925640422
419,3.3,2.1927767658516455,5.0,4.876048459913448,5.0,8.269246666666659,16.8,16.752368890453745
420,39.0,38.18133882208842,3.0,3.29039361514581,10.0,8.020436666666694,0.0,0.5220848165749803
421,16.0,19.69380505143222,0.1,0.565709930185122,55.0,53.65784333333321,5.0,6.309563107861208
422,50.0,46.50233629958582,34.0,33.36212363915708,17.5,17.80743000000001,10.0,9.887124112925063
423,6.0,6.128275589693402,3.3,3.453623083049734,10.5,11.363056666666655,17.5,16.925820567520436
424,0.0,2.5638460024379413,16.0,16.62390712024262,5.0,4.587019999999986,10.5,11.058555316829846
425,33.1,32.11603254694657,0.0,0.5018771930685049,0.1,2.920439999999989,5.0,5.594346638337564
426,40.0,41.26863343281308,40.0,40.1678489588208,3.3,3.4911333333333388,10.0,9.73107207330646
427,16.0,12.76954207310402,16.0,15.981552763829471,39.0,35.866610000000016,0.1,1.3549091599328837
428,32.0,29.139924377747036,32.0,31.72897837348744,16.0,17.135936666666648,3.3,3.0523135393800214
429,61.0,49.55159010973591,61.0,58.90189470089064,50.0,53.354243333333216,39.0,38.65385840191715
430,32.0,26.689872569787227,32.0,31.243472097508487,0.0,0.5215433333333342,16.0,17.083345819998684
431,15.0,15.88653339199675,23.7,23.704528922795916,33.1,34.40305666666669,50.0,49.37281548741103
432,0.0,6.582729806349192,0.0,0.9539858986534884,40.0,41.51763999999999,6.0,6.179432329350238
433,44.0,46.395934605972215,44.0,43.00442639389394,30.0,28.886553333333296,0.0,2.0391010184379854
434,41.0,42.66538144039326,41.0,39.89159065299235,32.0,31.209619999999962,33.1,33.194804898605646
435,11.0,12.929382975456505,11.0,11.42365890199185,61.0,55.74615666666651,40.0,40.33662311714894
436,2.7,-1.9856475695370364,2.7,3.254509918134104,32.0,30.105503333333306,30.0,29.7923340205166
437,2.3,5.7886831922017805,2.3,3.289917746898597,23.7,25.63120333333333,32.0,31.776005039435503
438,3.0,3.6423988094566937,3.0,3.248661406209633,0.0,0.49647666666666807,61.0,58.4241050675146
439,24.0,21.21459856376444,24.0,24.015006367721746,44.0,45.79567999999999,32.0,30.317329184262235
440,3.1,5.3815310131662955,9.4,9.649233222392743,41.0,36.9861033333333,44.0,43.95718401843329
441,9.4,7.878779944181282,35.9,35.23022152348816,11.0,11.887729999999994,41.0,40.711226843658075
442,35.9,36.510494334780944,21.3,20.617742680814747,2.7,5.278159999999999,11.0,11.257744543193771
443,2.0,1.8679184118243892,2.0,2.282273006194983,3.0,3.2398766666666683,2.7,3.006727353930971
444,50.0,50.16361853137894,50.0,48.137532886078326,24.0,22.319629999999993,2.3,3.3103423027050427
445,18.1,21.424086770064235,18.1,18.660822462735,3.1,7.08147333333333,3.0,3.0485876449345897
446,14.6,10.187006439359465,16.2,16.985879114540616,9.4,9.49911999999999,24.0,23.510290051775705
447,4.0,1.7922624123011648,4.0,3.842611437670929,35.9,32.23600999999984,3.1,3.7949777845851957
448,12.8,12.848586477055392,12.8,13.32577642818409,21.3,16.68073666666667,9.4,9.540280998854971
449,30.9,32.67821933193025,30.9,30.40258108339351,2.0,2.493803333333335,21.3,19.92018210449179
450,29.3,26.160280731818943,29.3,29.532676297613158,18.1,18.362843333333323,2.0,1.5111124154907822
451,34.4,34.183485332747935,38.8,38.92251003617786,16.2,16.639859999999985,50.0,49.815164399676334
452,10.3,10.925658469245747,34.4,34.11624252923377,4.0,4.68283333333334,18.1,18.505680444575162
453,18.5,22.557252310920852,10.3,11.110766398375041,12.8,13.08289666666666,14.6,14.704303767220164
454,48.6,44.97764190732449,18.5,18.511984241940773,30.9,29.75942999999997,4.0,4.189384993334403
455,49.1,50.43998646208773,48.6,48.34460501754961,34.4,34.59757000000001,12.8,13.711354225074118
456,17.0,15.964546563892284,17.0,17.52036486912835,10.3,12.716243333333335,34.4,34.303698518429286
457,22.4,21.520864019332702,22.4,22.162551109357572,18.5,16.473463333333328,18.5,19.019432320792642
458,30.3,32.23529554234135,31.0,30.928514769284078,48.6,47.25274666666664,48.6,47.63193361898326
459,31.0,32.755549351457304,36.4,36.242634375277525,49.1,48.304833333333335,49.1,48.97007319466831
460,36.6,41.612313643412705,36.6,36.4468652813371,17.0,17.95946666666668,17.0,17.020280575790785
461,43.0,42.33666652899598,43.0,42.982376102336026,22.4,19.598236666666676,30.3,30.541163800641716
462,13.0,14.139568152041079,13.0,13.612502171385298,30.3,31.47411333333336,31.0,31.089836784961815
463,3.2,4.478096395432484,3.2,3.5339123331404445,31.0,29.517773333333377,36.6,37.75764660911329
464,15.0,14.027092100556786,15.0,14.653425671055926,36.6,38.308866666666695,43.0,42.58894834297368
465,40.9,45.77436588247724,40.9,41.508927852915214,13.0,13.688093333333333,3.2,4.040958244448701
466,11.3,14.08720753613899,11.3,11.896735442009955,3.2,4.927040000000001,15.0,14.859666300236942
467,33.0,28.614583617724946,0.4,0.7895807032094296,15.0,14.843893333333318,11.3,12.712028566016158
468,59.0,57.00142759511924,42.1,41.9694374286807,40.9,44.24642333333333,33.0,31.952759165324448
469,0.4,0.7086028977253918,0.1,0.734706241712579,33.0,30.964983333333382,59.0,58.627097465473035
470,33.0,34.84504103411526,11.7,11.355740244641568,59.0,49.4748533333333,0.4,0.9076039189952535
471,42.1,39.892832390197746,52.3,51.466242158502524,0.4,1.4873899999999989,42.1,41.38133191755929
472,12.2,13.628523408483055,0.8,0.9789869504088703,33.0,33.0429033333334,12.2,12.355555017509573
473,11.7,10.932520081064034,38.0,38.21936834452268,42.1,42.093909999999994,0.1,0.45069385836219067
474,52.3,50.259270860440175,41.1,40.95252241485462,0.1,2.101586666666664,11.7,11.662411732576517
475,0.8,0.9649266970311245,37.8,37.63751914283848,11.7,8.100486666666667,52.3,51.63070410494416
476,38.0,38.53049092668947,45.4,44.83062163022743,52.3,46.46586333333334,0.8,1.012380743005742
477,41.1,43.42345624051042,13.5,13.520048232366763,38.0,38.865440000000014,38.0,38.30321599259656
478,45.4,43.961417716642444,11.8,12.212151256492639,41.1,40.881346666666744,41.1,41.316569613065
479,13.5,12.759360390224757,16.4,16.34512827515339,37.8,38.13334333333333,45.4,44.2787511388705
480,29.5,28.332342646780674,31.2,30.788820325367634,45.4,45.38214666666674,13.5,13.712758676637476
481,11.8,13.392035878744352,40.2,40.07904806088319,13.5,14.887083333333337,29.5,29.19518531464252
482,16.4,15.903396758487041,42.3,41.9839675423071,29.5,29.932083333333335,16.4,16.34489318108506
483,31.2,29.26925726130556,47.3,47.15828586289468,31.2,28.944456666666678,40.2,40.382697777666344
484,40.2,43.93881933977592,55.2,53.50694734887194,40.2,41.80939666666667,42.3,41.72700204700932
485,42.3,40.10979959090465,3.2,3.5863388098196745,42.6,44.341506666666724,42.6,42.480592646840435
486,42.6,43.738754908115,36.3,35.84969809998329,47.3,46.573839999999926,47.3,46.621028049828894
487,47.3,46.36090497916991,36.3,36.25320262036911,55.2,48.87603666666674,3.2,3.0179308067506225
488,55.2,44.14444197217857,6.0,6.276078882347804,3.2,3.8893999999999984,36.3,35.953870603305795
489,3.2,-0.6399484612386459,31.0,30.821715598591762,36.3,34.16766999999997,6.0,6.254362937362335
490,36.3,36.828974744256236,5.0,5.494590272643884,31.0,31.160763333333296,31.0,31.338964012506125
491,6.0,5.453263568529046,21.1,20.947401445921315,5.0,4.1868933333333125,5.0,5.521175532130974
492,31.0,30.400207374125998,3.0,3.1173597719081383,41.2,41.03474333333331,6.0,6.016042186859864
493,5.0,5.162296642110782,41.2,41.01839000070268,40.6,40.892423333333305,3.0,3.312591550667588
494,6.0,3.857114378249257,40.6,40.448250939836306,25.0,24.570243333333316,41.2,41.659659071820464
495,3.0,2.252290831861947,25.0,25.119822721231007,0.1,0.7850433333333328,40.6,41.57115032066689
496,40.6,48.07798965171836,0.1,0.5072666816928749,0.0,0.5966666666666665,25.0,25.66101192859324
497,25.0,32.86264374438288,11.0,11.42578268683475,11.0,12.29900666666666,0.1,0.5554773513900463
498,0.1,-0.7818884409274816,19.5,19.740081644783757,19.5,22.010973333333332,11.0,11.906520813521215
499,0.0,2.717733469654661,16.0,16.120247753857775,16.0,16.357293333333313,37.0,35.33584941655333
500,37.0,33.50159457556765,44.0,41.64582767197262,44.0,39.2245966666665,16.0,18.088905754469874
501,44.0,42.346128190917824,25.0,25.016012837481796,25.0,25.588809999999974,44.0,42.64729773580902
502,25.0,30.27126887931294,16.4,16.48362720299918,16.4,15.850679999999997,16.4,16.316417262094838
503,16.4,18.309052889340165,57.0,57.01573301877514,57.0,56.01481333333316,57.0,57.114756933124504
504,29.8,27.39064994815891,29.8,29.675265924932432,29.8,27.98625333333335,29.8,29.25814011555375
505,29.6,26.259023245492088,29.6,29.687091558457347,27.3,27.064916666666647,29.6,29.295661725925576
506,27.3,30.00015357051288,27.3,27.25272197652367,26.6,25.615830000000024,27.3,27.318337414052035
507,27.0,27.350601819439134,27.0,26.890322876176416,24.0,24.221480000000035,27.0,26.626393830486172
508,26.6,27.98493402177472,24.0,23.98199786917052,20.0,20.08864666666668,26.6,26.47961534059428
509,24.0,25.30759036642307,20.0,19.89962239216666,18.0,17.38741000000002,24.0,24.12453468812894
510,20.0,22.15309721221334,18.0,17.3851222392106,17.2,17.12005666666666,17.2,16.878115447501692
511,17.2,19.010614118026936,17.2,17.277528320486027,16.0,16.428759999999997,16.0,16.16575978512621
512,16.0,21.231018723734607,16.0,16.035010360197585,11.9,12.775050000000052,11.9,11.462132126672019
513,11.9,15.190946839864537,11.9,11.676386171016109,14.1,13.563310000000001,20.0,19.389858325996084
514,14.1,14.276169964726634,14.1,14.311591356798814,20.0,20.574176666666677,19.2,18.763991722799375
515,20.0,19.76424752216292,20.0,19.89955524494328,20.0,19.07432666666667,14.3,14.465557449431993
516,19.2,18.12795586830272,20.0,19.95010490252922,16.5,15.423666666666657,17.1,16.383858891268332
517,14.3,19.219001257681484,14.3,14.366471084893423,11.0,13.319879999999996,16.5,15.682553852714893
518,16.5,13.93347349108248,17.1,16.86395860497092,27.8,27.77546333333331,11.0,11.51024527036787
519,11.0,18.522662973242888,16.5,16.256907494211248,14.8,17.509576666666664,27.7,27.619409287201194
520,27.8,25.493495095144084,11.0,12.0158431004612,15.3,16.646643333333326,27.8,27.36172619975849
521,15.3,14.389360442867257,27.8,27.607530967617073,16.4,15.76341666666666,14.8,14.69230894110407
522,16.4,14.148310621739121,14.8,15.299314496616537,27.1,28.72924999999995,21.2,20.31664890037839
523,21.2,16.630827399850745,15.3,14.865297415867177,16.2,15.430183333333344,27.1,26.643155551671402
524,27.1,27.548030294852694,16.4,16.55884441038207,17.5,17.088249999999984,16.2,15.758731735810038
525,16.2,20.58000952266127,27.1,27.107846975745804,15.1,16.17583000000001,17.4,16.725218296683792
526,17.4,13.84724240545843,16.2,15.75379384209551,17.0,17.261216666666662,15.4,14.963773057108014
527,15.4,14.660116927685216,17.4,17.185929482701372,17.0,16.329829999999962,17.5,17.045813864714116
528,17.5,19.02553787026301,15.4,15.561668622639564,17.1,16.977603333333306,15.1,15.302077514877782
529,15.1,18.094583884553586,17.5,17.389303797218954,15.0,15.332016666666687,17.0,16.508964572000142
530,17.0,14.45475799718696,15.1,15.683398478635063,15.1,15.393490000000007,17.1,16.767011234030456
531,15.1,15.21550354257031,17.0,17.705914226186593,15.0,14.226853333333333,15.1,14.866108888439944
532,15.0,14.01589520035229,17.0,16.967858030870026,16.0,14.894643333333331,16.0,15.30128597516941
533,16.0,13.707316074291128,15.0,15.216868400359866,18.0,17.630626666666668,16.0,15.457023413488585
534,16.6,12.928909203869352,15.1,15.44403600760125,19.0,19.612116666666665,18.0,17.42886054154189
535,18.0,19.12123916381273,15.0,15.114255952179905,18.0,19.288166666666676,18.0,17.23817782984453
536,19.0,21.964655963635806,16.0,15.575198959446805,15.0,14.018956666666654,19.0,18.63904934813615
537,19.0,16.86513128262004,16.6,16.570932083389447,17.0,17.058479999999985,15.0,14.550422757789258
538,15.0,16.63881102387804,18.0,17.693149362270386,15.0,14.407033333333326,17.0,16.340503098590894
539,15.0,10.116451874459209,18.0,17.691807095031322,27.0,26.222409999999996,15.0,14.514561498970314
540,27.0,31.321790639079936,19.0,19.517507084459048,17.2,17.40360333333331,27.0,27.001960790213698
541,17.2,21.123762919237265,18.0,17.990130067047925,16.6,16.52906333333336,17.2,16.920116358868476
542,16.6,18.93962231962061,15.0,15.320580163457489,22.4,25.101820000000018,16.6,16.23372333491237
543,22.4,26.912645909866043,17.0,16.852288977394018,22.0,21.428973333333328,22.4,22.614947378613692
544,22.0,18.457986372159127,15.0,14.896026870412571,16.1,14.931006666666674,22.0,20.867854979391986
545,16.1,13.572028314022326,27.0,26.935006053713327,23.0,22.65368666666667,16.1,15.365068152040067
546,23.0,22.321684825495126,17.2,17.176365470606523,32.2,30.716586666666622,23.0,22.354896160257386
547,47.2,46.43229282206775,16.6,16.561955603161405,47.2,45.90965,47.2,46.88413715781893
548,0.0,-1.520410682767043,22.4,22.556219661146528,0.0,2.0494266666666685,0.0,-0.5397320169810509
549,19.0,20.505322167258356,22.0,21.74326944880648,19.0,20.214883333333333,19.0,18.88396338644338
550,23.0,23.132238165472913,16.1,15.899206551775055,23.0,22.084939999999975,23.0,22.29579487567321
551,19.2,25.633653883272785,23.0,22.91914578204707,35.0,34.282573333333325,35.0,34.6867985469348
552,19.0,17.893822718564046,32.2,31.496406707870637,19.2,19.391063333333317,19.2,19.34513010737186
553,19.8,21.764992509062537,47.2,47.23340171924603,19.0,18.55373666666665,19.0,18.450950704926715
554,4.0,6.54470507889657,0.0,0.38481032738160603,19.0,20.030103333333333,20.0,18.72027813535575
555,38.0,34.0724352568935,19.0,19.279778203043776,19.8,20.243999999999982,19.0,18.811874880475816
556,25.0,26.852867884700885,35.0,35.11781546016469,38.0,38.80886000000003,4.0,3.634371704561807
557,55.0,49.001223451368716,19.2,19.259664061241708,25.0,26.37595999999999,38.0,37.65006516281391
558,1.0,0.4897731764066151,20.0,19.6331159221206,1.0,1.702550000000004,55.0,54.422737911911625
559,2.0,2.4893527678919725,19.0,19.073446788400194,2.0,4.068823333333337,1.0,0.40151678714622807
560,40.0,39.999999999999105,19.8,19.95963471094638,40.0,34.94859999999996,2.0,1.555381685261933
561,0.7,2.9490461642566004,4.0,4.146095440503991,0.7,1.9094599999999995,2.7,2.7381314291872965
562,2.7,3.0519149783906627,38.0,38.563591582025865,42.0,43.53947666666664,42.0,42.41988245024321
563,26.0,24.307736299104064,55.0,54.003361375142426,26.0,24.938299999999995,33.8,33.332004635392096
564,33.8,34.39121769555716,1.0,1.1548996948469874,33.8,33.709173333333325,16.1,15.573023991749668
565,5.0,3.6392299160046164,2.0,2.0038153310997373,16.1,16.67109333333333,5.0,4.7027344584468525
566,16.0,19.53543750140507,40.0,38.18612771261447,5.0,9.163113333333326,16.0,15.939259892554865
567,32.0,33.10152296765513,0.7,0.8460348415486085,16.0,16.205670000000048,31.0,30.9473096014329
568,31.0,33.2146730520479,2.7,3.010765341383636,32.0,32.508753333333296,29.7,29.15753076213541
569,29.7,32.09691314368254,42.0,42.12233777512434,31.0,30.34067000000003,12.0,12.674469176779622
570,12.0,23.48964162345247,16.1,16.670531616226516,29.7,29.32043999999998,16.4,15.918959275722802
571,16.4,16.40415939035651,16.0,16.244562862947667,16.4,15.90784333333333,2.3,1.9418677235744815
572,2.3,2.006877442638057,16.4,16.184711920481526,2.3,4.117939999999998,5.0,4.423520487981156
573,4.4,10.153900135794103,2.3,2.80113197900286,4.4,9.75638333333334,23.0,21.8447313821672
574,5.0,2.482138672562371,4.4,5.69215731492981,5.0,4.204013333333341,33.0,32.6120048245892
575,23.0,18.841382306077463,5.0,5.2671300490608335,23.0,21.80043666666663,9.0,9.466322439147055
576,33.0,31.653649343504085,23.0,22.11274155452732,33.0,31.865576666666676,50.0,49.9357842722466
577,9.0,10.738519714364656,33.0,33.129600832179,9.0,9.673016666666657,19.0,18.08754910454294
578,50.0,45.24021558157824,9.0,9.953833422643054,50.0,48.33169333333333,21.0,21.074311713216375
579,19.0,17.042874343509595,19.0,18.76195160429048,19.0,17.88099333333333,17.1,16.3366765795498
580,8.0,12.093534182307593,21.0,21.49148017426047,8.0,9.811479999999992,13.0,12.512963734562867
581,17.1,17.337852238207347,17.1,16.193029741792536,21.0,25.157829999999997,16.8,16.51271751537088
582,13.0,9.990303120861952,13.0,13.483268176969702,17.1,15.953643333333332,0.0,-0.5915378167819162
583,16.8,15.668125239190474,16.8,16.660049849268944,13.0,13.214996666666691,5.0,5.30098925929101
584,10.0,10.477244865275921,0.0,0.3674686635115417,16.8,16.130883333333323,10.0,9.482932310373462
585,55.0,51.34957491959658,55.0,54.48249179893157,5.0,8.988233333333321,55.0,54.522907021797415
586,17.5,15.208199358434598,10.5,10.834243280742763,55.0,52.25533333333335,10.5,10.445663740211149
587,10.5,9.779641844370758,5.0,5.27173325671852,10.5,10.924293333333335,5.0,4.678078229019217
588,5.0,6.4844857548812485,10.0,9.543932260832651,10.0,7.222616666666679,10.0,9.310516907706361
589,10.0,7.15482357542421,3.0,3.3488228285881902,3.0,3.8520899999999973,3.0,2.6378510243457716
590,3.0,3.1084137032040786,0.1,0.7551223885484216,0.1,2.0898799999999964,0.1,0.05684363056720898
591,0.1,2.1175357338966663,34.0,34.24383177065394,34.0,36.01230999999994,34.0,33.53776351894523
592,34.0,36.74488357946912,3.3,3.251045309024712,39.0,36.64695999999998,3.3,2.5706747846501776
593,39.0,37.4435869731244,39.0,38.20652401326985,50.0,52.13399000000001,16.0,15.719528325391494
594,6.0,3.464292114789515,16.0,16.374288335029878,6.0,8.085936666666665,50.0,49.575242668258184
595,33.1,31.878240591337416,50.0,49.958132581016976,0.0,0.8906866666666643,0.0,-0.29899822151787214
596,40.0,37.75993624443339,6.0,6.616090253542918,33.1,33.90407999999998,33.1,32.54702743825024
597,30.0,27.495400595618676,33.1,32.90840371147381,40.0,42.03647333333334,40.0,39.90300334724356
598,16.0,13.143472188076615,40.0,40.11097736986178,30.0,28.958373333333352,16.0,15.28840627624594
599,32.0,28.204798007494915,30.0,29.867692073099423,16.0,13.316710000000008,32.0,31.68221857381291
600,32.0,24.406024062647347,16.0,15.549380367646487,32.0,31.007253333333335,61.0,60.15795731422707
601,15.0,15.890194846017522,32.0,31.577653236396312,15.0,15.701836666666651,32.0,31.06397418097699
602,23.7,27.097290323579273,61.0,59.864009220151225,23.7,25.43308000000002,15.0,14.870197159135538
603,0.0,8.769110667054818,32.0,31.924456646000166,0.0,0.7604433333333319,23.7,23.494930079750137
604,11.0,9.711725458961695,15.0,15.458341633582766,41.0,38.55933333333334,0.0,0.11950117404766736
605,2.7,1.5167265473336755,23.7,23.90374748888172,11.0,11.654773333333328,41.0,40.62350862320562
606,3.0,1.3584852483094565,0.0,1.8542626629155259,2.7,5.94563999999999,2.3,2.3504224122790327
607,24.0,22.1051482378805,44.0,44.18328266480901,2.3,4.262196666666666,3.1,2.9792835786486505
608,3.1,3.564146343104177,3.1,3.314585762672041,3.0,2.7286433333333315,9.4,8.902430932964435
609,9.4,9.353359882291876,9.4,9.436547950109219,24.0,23.007690000000004,35.9,35.431220911740134
610,35.9,35.98764544922125,35.9,33.44962192455665,3.1,7.405939999999984,21.3,20.022706129234425
611,21.3,13.302420259513184,50.0,49.86823729177748,21.3,16.3691966666667,2.0,1.6176018826577185
612,2.0,0.1128559998325045,18.1,18.214357309076114,50.0,49.119293333333346,18.1,18.12354656299296
613,50.0,49.14857651482127,14.6,14.8924285718772,14.6,15.083953333333335,14.6,14.175533432665743
614,14.6,12.213292720515156,16.2,16.116830763472187,16.2,15.912416666666667,16.2,16.09784983311076
615,16.2,15.703815691378878,4.0,4.528334902221675,4.0,4.839049999999997,4.0,3.306565020251495
616,4.0,3.1856552379983967,12.8,13.229149494347551,30.9,29.184046666666617,30.9,30.504588676792007
617,29.3,28.83506161690839,30.9,30.522453736607645,29.3,29.549503333333295,29.3,29.356325459452602
618,38.8,41.04897979445023,29.3,29.287870104687926,38.8,38.39379666666667,38.8,38.74592649950608
619,34.4,32.26043968991921,38.8,38.7659091644312,34.4,34.41532333333332,34.4,34.330468810605446
620,10.3,12.024547172270914,18.5,18.26582207434632,10.3,11.613219999999973,10.3,10.224195877972274
621,18.5,22.49778602183349,48.6,47.94620828835749,49.1,48.75921333333336,18.5,18.39852566122542
622,48.6,45.44726932587736,49.1,49.11499110820752,17.0,18.025843333333327,48.6,47.948144398898016
623,49.1,49.88702685231672,22.4,21.974455823530203,30.3,31.368210000000012,49.1,48.969914417112456
624,22.4,20.546731516153088,30.3,30.400872469427053,31.0,30.268846666666708,17.0,16.823836400824813
625,31.0,32.91999728394781,31.0,31.180943255130906,36.4,34.05478333333324,22.4,21.93690869852126
626,36.4,35.1994298992699,36.4,36.40496815401341,36.6,38.360076666666686,31.0,30.928454582224173
627,36.6,42.43691272231986,36.6,37.09327088378019,43.0,43.47753333333337,36.4,36.278004228138165
628,43.0,40.459498479252744,43.0,42.877960007201146,13.0,13.607606666666646,36.6,37.171324653774896
629,15.0,15.23270311583974,13.0,13.568397041783458,40.9,43.595876666666676,43.0,42.476923983723474
630,33.0,28.748607746019488,3.2,3.6424508206770803,11.3,11.975709999999962,13.0,13.003139362732293
631,59.0,59.61600798267038,15.0,14.663796839495314,33.0,31.437663333333322,3.2,3.025713640420099
632,0.4,1.7910992001061388,40.9,41.30832808219893,59.0,46.63539666666672,15.0,14.24824565539412
633,33.0,34.12354552559293,11.3,11.905048822068787,0.4,2.782873333333338,40.9,41.31582440900363
634,42.1,42.52618862474125,33.0,32.9212257619855,33.0,30.211080000000017,11.3,11.442700612581174
635,12.2,12.501138651776834,59.0,58.30646879402482,12.2,9.45181666666666,33.0,32.59342871298248
636,0.1,-0.9448515013151209,33.0,32.01608169212563,0.1,3.1631700000000023,33.0,32.65527122206358
637,11.7,11.352592933507673,42.1,41.96815587241933,11.7,8.870026666666647,42.1,41.745940771672934
638,52.3,50.313254600118256,12.2,12.167590590539746,52.3,48.592680000000044,12.2,11.803196190902504
639,0.8,1.2488406353752808,0.1,0.6476447870087575,0.8,2.684916666666669,0.1,-0.17616195293286302
640,38.0,38.17784721090126,52.3,51.344905329866286,37.8,38.056116666666696,11.7,11.136963393784674
641,41.1,44.18126214414521,0.8,1.3949703573817325,45.4,45.34191000000008,52.3,51.86968632508886
642,37.8,36.599421380860065,38.0,38.432319742780024,13.5,13.641333333333314,0.8,0.49113985034261565
643,45.4,43.03916847171715,45.4,44.77163112577856,29.5,30.468810000000005,38.0,38.17171986397487
644,13.5,10.588274193873673,13.5,14.460941234482917,11.8,12.1787133333333,41.1,41.10100352136049
645,29.5,26.83865817290031,29.5,29.401402178716356,16.4,11.709436666666663,37.8,38.03290499632013
646,11.8,12.781836268846433,16.4,16.28169966717044,31.2,29.047783333333363,45.4,45.085995974011055
647,16.4,15.486234075408554,31.2,30.895596897206204,42.3,43.23379333333339,13.5,12.962856664497396
648,31.2,27.386847952678536,42.3,42.16522541998479,42.6,44.251746666666705,29.5,28.978197954913572
649,40.2,45.36236682711059,42.6,42.51386653434715,47.3,46.4959933333333,11.8,11.877613840597476
650,47.3,46.00226391904924,47.3,47.18377817350331,55.2,49.92256000000007,16.4,15.546959681560764
651,55.2,45.93734885128954,55.2,53.299773964318206,3.2,4.134339999999998,31.2,30.551349396390666
652,3.2,4.256803758581398,3.2,4.010729215050062,36.3,35.62229666666665,42.3,41.86980965700621
653,36.3,39.33793357059362,36.3,35.80416141568943,36.3,36.07360333333333,42.6,42.56205393259158
654,36.3,32.643327109180674,36.3,36.261064982379494,6.0,7.359336666666681,55.2,54.171200277489305
655,6.0,5.768363554179537,31.0,30.830327376734534,31.0,30.959656666666667,36.3,36.11209331652273
656,31.0,31.16027792401914,5.0,5.298918874257529,5.0,6.068576666666671,36.3,35.77062624821734
657,5.0,4.283647640868097,6.0,6.114912134277253,6.0,6.970896666666679,31.0,30.655716383314687
658,6.0,3.910926295534445,21.1,21.57702173988743,21.1,22.06801,5.0,4.56151072126407
659,21.1,20.66114069565019,41.2,40.75863045350281,3.0,3.2517066666666636,6.0,5.453101764344987
660,3.0,0.23993642120058212,40.6,40.39985000499719,41.2,40.56175666666661,21.1,21.32148344544816
661,41.2,44.13543929128964,25.0,25.233121534931342,40.6,41.09333999999994,3.0,2.4285128454070413
662,40.6,46.3258274909729,0.1,0.35382144984106034,25.0,25.88176999999997,41.2,41.34234506592169
663,25.0,26.96132503391759,0.0,2.0572583111868914,0.1,1.2425733333333329,40.6,41.00376204417337
664,0.1,-1.698732070552552,11.0,11.217876050287792,0.0,1.0966399999999978,25.0,24.990582022593042
665,0.0,5.6853140329106395,37.0,35.58466754735576,11.0,12.798849999999995,0.1,-0.16872817557919118
666,11.0,14.263686655742248,19.5,20.220918868168376,37.0,34.17154666666661,0.0,-0.16434046633935168
667,37.0,30.135566237301745,16.0,16.555287654675407,19.5,21.694726666666647,37.0,36.25522455105048
668,19.5,22.49849265729854,44.0,43.16934034653057,16.0,16.07228333333332,19.5,19.717644082270557
669,16.0,23.1619350911281,25.0,25.195455804580842,44.0,39.78315666666671,25.0,25.087557363651865
670,25.0,27.527983634400783,16.4,16.833537146622255,16.4,15.190036666666662,16.4,16.012466083028208
671,57.0,57.30448179248087,57.0,56.89246191301714,57.0,53.91016999999999,57.0,56.71769650767929
672,29.6,24.506700931702767,29.8,29.55164717078206,29.8,29.852673333333293,29.6,29.12832040447399
673,27.3,32.73214431673523,29.6,29.163127336023123,29.6,30.22514666666664,27.3,29.263322216492803
674,27.0,28.63744082372631,27.3,27.76493831100517,27.0,25.40410333333332,27.0,28.076261648375176
675,24.0,23.691411216405868,26.6,26.43729025784642,26.6,26.09214333333331,26.6,27.727853844183574
676,20.0,23.786955205847107,24.0,24.035760557078977,20.0,20.11824999999997,24.0,24.62915534853893
677,18.0,14.760712721616187,20.0,20.04318905873873,18.0,17.445956666666667,20.0,20.592911042394917
678,17.2,16.431175016478733,17.2,16.948356418666037,17.2,16.503283333333336,18.0,17.245017094851598
679,16.0,20.968515301795833,16.0,16.115471573648605,11.9,14.686809999999976,17.2,17.221374232154417
680,11.9,14.161703452259417,11.9,12.199546494035921,14.1,13.540553333333303,16.0,17.049071699069536
681,14.1,17.174365724038182,14.1,14.44110686934429,19.2,19.16538666666667,14.1,14.851926061009188
682,20.0,16.849580400645948,19.2,18.717328614963254,14.3,15.898953333333353,20.0,20.00505246422764
683,17.1,15.2899086016605,14.3,14.589376696526646,17.1,17.06553333333332,20.0,19.848497737457826
684,16.5,12.50677749387745,17.1,17.020905244768542,16.5,16.456743333333343,14.3,15.266916415991568
685,11.0,15.758268547167006,16.5,16.352881642748436,27.7,28.264960000000016,11.0,12.03772719492476
686,27.7,27.80919623732916,27.7,28.24286199717303,27.8,27.828239999999994,27.8,28.925445552883495
687,27.8,30.795101380777908,27.8,27.531672143936337,14.8,19.95458666666667,14.8,14.815656087482155
688,14.8,14.572207725473504,14.8,15.546779995917278,16.4,15.900650000000006,15.3,15.341369902719023
689,15.3,16.962853752436104,16.4,16.37567167631316,21.2,19.939103333333307,16.4,16.6753159927401
690,16.4,16.795869156463368,21.2,21.189219194625593,27.1,27.728996666666678,21.2,20.3350560913433
691,21.2,16.293417142415365,27.1,27.19821945997372,16.2,15.79341333333333,27.1,27.42741714300549
692,27.1,24.434984548868897,16.2,15.99620450501786,17.4,17.240553333333338,16.2,16.636327593148383
693,17.4,13.718964341501191,17.4,17.215607857098654,15.4,15.512116666666673,17.5,17.557217359603037
694,15.4,14.764349961099413,15.4,15.220877853362662,15.1,16.35314999999998,15.1,15.929608040791752
695,17.5,17.33235644651768,17.0,17.168205916637223,17.0,17.669020000000007,17.0,16.27880058344619
696,15.1,20.87639663043018,17.0,16.771413761715046,17.0,16.563133333333354,17.0,16.17490421485074
697,17.0,14.44435886834026,17.1,17.038419916894302,17.1,17.543306666666673,17.1,17.157325277554182
698,17.0,12.431734767158446,15.0,15.275945612733912,15.0,15.3918,15.0,15.151107718749419
699,17.1,17.96990561710828,15.1,15.279281729896919,15.1,15.465019999999996,15.1,15.926888882834977
700,15.0,17.489769008360895,15.0,14.628331705637708,15.0,14.495069999999993,15.0,15.038949864799502
701,15.1,16.464991414215433,16.0,15.752927262772651,16.0,14.142870000000007,16.0,14.885525682369927
702,15.0,13.971339741958445,16.0,16.267239378615688,16.0,15.728803333333314,16.0,15.558127167707546
703,16.0,12.466680710530113,18.0,17.570789979915116,16.6,16.25853000000002,16.6,16.302733120781927
704,16.6,12.794792596624177,19.0,19.441929536794756,18.0,17.551049999999996,19.0,19.47890059030329
705,18.0,18.27986074611067,19.0,19.509141505409744,19.0,19.444583333333345,19.0,19.38535117855132
706,18.0,16.30018726847493,18.0,18.258818479019837,19.0,19.65988999999999,18.0,18.21153356266261
707,19.0,20.479785852470513,17.0,17.354585827358754,18.0,18.762183333333336,17.0,16.491806244837097
708,18.0,18.04973053492347,27.0,27.099117134240434,15.0,14.16562333333332,15.0,14.910755132678936
709,15.0,13.202210681663018,17.2,17.11029946180485,17.0,17.13466000000001,27.0,27.612505953565602
710,17.0,16.284414564825397,22.4,22.782943851955167,15.0,13.960483333333327,17.2,16.584376462377953
711,27.0,29.906292185823645,22.0,21.160705689425093,27.0,26.427076666666675,16.6,17.313618796381363
712,17.2,19.293583157933483,23.0,22.818909994349628,17.2,18.992246666666656,22.4,23.47464501208966
713,16.6,17.636852439056156,32.2,31.978758984529343,16.6,18.395986666666648,16.1,15.692794367569451
714,22.4,25.768937229154346,47.2,47.49100096691431,22.0,20.445849999999997,32.2,33.41019860955516
715,16.1,12.274800569352237,0.0,0.5776951723005617,16.1,15.475213333333333,0.0,-0.8322112467949339
716,23.0,21.09335243957537,19.0,19.480593132273974,32.2,30.854856666666656,35.0,35.536755617583324
717,32.2,32.5642747373829,23.0,22.74785659365554,19.0,22.22101333333332,19.0,18.84578885874234
718,47.2,44.82466784759947,19.2,19.34784008628556,23.0,22.067313333333313,20.0,18.941390380109794
719,23.0,21.63625618527567,19.0,18.823525106296064,35.0,34.01955000000001,19.0,20.266904422176783
720,35.0,31.62331955345735,20.0,19.843489168353,19.0,18.130133333333337,19.8,19.76851569720515
721,20.0,14.653112116508737,19.0,19.25753940832304,20.0,18.712196666666667,4.0,4.342862428836493
722,19.0,21.420794684423925,4.0,4.113004882843037,19.8,20.537610000000015,38.0,39.48646830388159
723,19.8,20.21149781487196,38.0,38.52200999062517,4.0,3.40001333333334,25.0,25.78284630612428
724,4.0,4.807774647778729,25.0,25.39812534118999,25.0,25.929719999999993,55.0,55.55330803452669
725,38.0,37.20085599427688,55.0,54.59646737337509,55.0,53.74214000000006,1.0,0.18113448491295359
726,25.0,27.450455020785512,1.0,1.3660367547833752,1.0,1.735153333333336,2.0,1.6399714787566722
727,55.0,48.905319565506716,40.0,38.77100706124107,2.0,6.899050000000001,40.0,40.30297084478803
728,1.0,0.8594983305570736,0.7,0.9595711896781872,40.0,34.676033333333265,0.7,-0.3661632531065871
729,2.0,2.073052212862592,42.0,42.081305664109976,2.7,4.959456666666658,2.7,2.499713860760946
730,40.0,36.8722295523383,26.0,25.93714382415049,42.0,43.68907999999999,42.0,43.672452563636455
731,0.7,-0.6192921154109854,33.8,33.48292257641057,26.0,25.515093333333347,26.0,25.84429626810479
732,42.0,41.18629178446008,5.0,5.308489058613532,16.1,17.151343333333315,33.8,34.45544115479687
733,26.0,23.78621221015237,16.0,16.386841205343462,5.0,4.9574799999999914,16.1,15.889169837874746
734,33.8,30.337590029771036,32.0,31.739383632173524,16.0,16.416069999999994,5.0,5.102843241579235
735,16.1,16.545802183652427,31.0,30.918410856566076,32.0,32.39859333333334,16.0,16.50374812935919
736,5.0,8.860705082451489,29.7,29.249931222660816,12.0,15.315940000000001,32.0,33.021971118538644
737,16.0,16.655255704359377,12.0,12.848708020588141,16.4,16.471176666666665,31.0,31.987077875486086
738,31.0,32.85936246983539,16.4,16.334249168031043,2.3,5.026910000000003,29.7,30.839460439659696
739,29.7,31.159824514042043,2.3,2.570618734097197,4.4,6.732666666666653,12.0,14.45346963950389
740,12.0,20.57985349018952,4.4,5.163783257579277,5.0,4.12889333333333,16.4,16.423194526937117
741,16.4,16.425885437247075,5.0,5.121401668393404,23.0,21.755489999999988,2.3,2.0568563652177505
742,2.3,2.8305136784806564,33.0,32.841642268106035,33.0,32.327496666666654,4.4,4.665387340953529
743,5.0,3.0697196519672616,9.0,9.37630542598855,9.0,9.84438666666667,5.0,4.687527486209858
744,23.0,18.93562214259805,50.0,49.69719170253235,50.0,47.70817333333338,23.0,22.192074111059625
745,9.0,12.041236422620273,19.0,18.790084978927712,19.0,17.926413333333343,33.0,33.43484626638683
746,50.0,48.276652338643146,8.0,8.604707144474533,8.0,9.844176666666668,9.0,9.343923818709055
747,19.0,14.75640759244311,21.0,21.705446037502643,21.0,25.136153333333322,8.0,8.16667927557954
748,8.0,10.607424725596388,13.0,13.197672581948636,13.0,12.537970000000003,21.0,22.896548868875556
749,21.0,27.001721454682468,16.8,16.346945485799125,16.8,16.225483333333326,17.1,17.04815218476871
750,17.1,16.83065545542445,0.0,0.36918523170274736,0.0,0.8491399999999999,13.0,12.438308014167712
751,13.0,10.28080801002983,5.0,6.523455884140543,5.0,9.516526666666666,5.0,6.656662676548615
752,0.0,1.1248128028774431,10.0,9.931341232953532,10.0,11.453759999999964,55.0,55.76236034125635
753,5.0,10.6481852843811,55.0,53.6316970108671,17.5,19.73694666666666,17.5,17.240478669826917
754,10.0,8.89156955593785,17.5,17.30983601059246,10.5,12.046023333333347,10.5,10.834604327051679
755,55.0,49.40692726794509,10.5,11.127358233684813,5.0,5.860096666666694,5.0,5.130256304126705
756,17.5,16.522242529001574,5.0,5.2377920512974,10.0,7.168566666666697,10.0,9.269276783048555
757,10.5,12.112765922107542,10.0,9.152998930265706,3.0,3.574193333333341,3.0,2.376704791714183
758,5.0,6.321227697424433,3.0,3.2402618822301212,0.1,2.2255266666666667,34.0,35.87219825293242
759,10.0,10.03716977822046,0.1,0.8562314823843574,34.0,35.46384999999995,3.3,2.8673667925262225
760,0.1,2.104853733906566,39.0,37.63517712627184,3.3,3.286383333333337,39.0,40.07668553301983
761,34.0,38.12831338618287,50.0,50.112660487561364,39.0,36.11960333333329,6.0,5.653711620812616
762,3.3,1.4793837030960049,6.0,6.535013219935968,16.0,16.007996666666664,33.1,33.811365364269975
763,39.0,37.66842365893859,0.0,0.908769978841366,50.0,52.53268666666675,40.0,40.62591139961723
764,16.0,20.0139490763234,33.1,33.13927569924834,6.0,8.447039999999992,30.0,29.978884346717084
765,50.0,48.41444873834848,40.0,40.0895920788226,0.0,0.5955299999999998,16.0,15.356240818279893
766,6.0,5.471762084714783,30.0,29.678534337943695,40.0,41.3235733333333,61.0,60.475362230231774
767,0.0,2.8115741973991817,61.0,58.90099509140356,30.0,29.673079999999942,32.0,31.33376288343836
768,33.1,34.291678301366574,32.0,31.733136471725427,16.0,14.496046666666672,15.0,15.135306611484303
769,30.0,28.268577770153342,15.0,15.406096950261395,32.0,32.086693333333294,23.7,25.203756327620532
770,16.0,14.253685751074613,0.0,0.373977865799489,61.0,55.35051333333345,0.0,1.3143099624554266
771,32.0,30.328073361900408,44.0,44.890377459616715,32.0,28.98671666666668,44.0,45.44527058499439
772,61.0,49.732534589054524,41.0,40.967280702247436,15.0,15.453849999999996,41.0,43.035713607795365
773,32.0,24.01871377437317,11.0,11.484220242118461,23.7,26.27220000000004,11.0,11.462470329893844
774,23.7,25.153585117065518,2.7,3.491955505306196,0.0,0.5291766666666666,2.7,1.5305437860925362
775,0.0,7.309144239544594,2.3,2.755007962759419,44.0,42.82451333333339,2.3,2.9605121144921807
776,44.0,45.808892617656625,3.0,3.1676630874381795,41.0,34.94241666666662,3.0,2.1510723922420762
777,41.0,44.12777044766324,24.0,23.70136178268597,2.7,5.7111066666666686,24.0,23.50092268393794
778,11.0,11.269301809295314,3.1,3.5570927908644814,2.3,5.046673333333338,3.1,2.9613707057299923
779,2.3,3.689577586410337,35.9,34.183871161157484,3.1,4.953979999999995,9.4,8.864005044980555
780,3.0,0.08983681739562144,21.3,19.83089781553645,9.4,9.099229999999993,35.9,36.842931760399175
781,3.1,5.502455272606085,2.0,2.1976183714073954,35.9,23.75680999999998,50.0,51.26205676146906
782,9.4,7.46654642053295,50.0,49.43067766690404,21.3,18.38436,18.1,18.38978660802375
783,35.9,37.68943627740532,18.1,18.46832421809763,2.0,2.4946300000000035,14.6,14.010254353239105
784,21.3,14.263343300662541,14.6,14.719238793428161,50.0,48.27442000000006,16.2,15.796686679093675
785,2.0,-1.270841566097431,16.2,16.40092061177882,18.1,18.521099999999976,4.0,3.3384561359284652
786,50.0,50.486840060997224,4.0,4.113930336590877,14.6,14.814860000000017,12.8,12.52986625780018
787,18.1,18.944448683820383,12.8,13.921651964869127,16.2,16.224990000000012,30.9,32.04242831027366
788,16.2,15.94208441608663,30.9,30.567415239109806,4.0,4.207916666666671,29.3,29.652474616314624
789,4.0,3.4360918069032778,29.3,29.48493597109371,12.8,13.798093333333359,38.8,40.79348262604367
790,12.8,12.551444109152953,38.8,38.696409117341396,30.9,29.195149999999984,34.4,34.60174862654491
791,30.9,32.75685750866592,34.4,34.047749257065846,29.3,29.661133333333332,10.3,10.865137912450853
792,29.3,26.78112762461808,10.3,10.69399304354781,38.8,38.99006666666666,18.5,19.61372149208938
793,38.8,40.70606505051671,18.5,18.305905697979263,34.4,34.18599333333333,48.6,49.35467596967199
794,10.3,12.527648638156165,49.1,48.80246214681263,18.5,17.92622333333336,49.1,50.77466433647589
795,18.5,22.335911122568405,17.0,17.666566889154772,48.6,47.56006333333336,17.0,16.823477026568323
796,48.6,45.82751012568417,22.4,22.07508926656652,17.0,17.914523333333317,22.4,22.265187970280273
797,17.0,15.262021510261548,30.3,30.311219648889207,22.4,20.29342666666673,30.3,31.05173897539583
798,22.4,21.876001075908675,36.4,36.2431082063193,31.0,30.122246666666662,36.4,37.00675120739179
799,30.3,30.454740061663756,36.6,36.965521679637135,36.4,34.819376666666656,43.0,44.24880847431053
800,36.4,32.91651130560018,43.0,42.93601795893285,43.0,44.298439999999964,13.0,13.21344478939771
801,36.6,42.596827387202495,13.0,13.547651930803932,13.0,13.422460000000008,3.2,2.7396080980330058
802,13.0,12.945832825125194,11.3,11.749849056553737,3.2,3.8166966666666626,15.0,14.782076904440103
803,3.2,7.440922571341389,33.0,32.77668712038763,15.0,14.135666666666644,40.9,43.324856236652785
804,15.0,12.40518385796264,59.0,58.166912528722754,40.9,43.22502666666669,11.3,12.161799617257232
805,40.9,46.93546184067611,0.4,0.726731589757788,11.3,12.734083333333327,59.0,60.9887402305153
806,11.3,16.32547216877532,33.0,31.31120765978254,33.0,31.64003333333336,0.4,-0.01791449939198908
807,59.0,59.69437887800325,42.1,41.88446434030224,59.0,47.005783333333426,33.0,34.12932451501386
808,0.4,0.1596378989979712,12.2,12.244273429650294,0.4,3.298819999999999,42.1,43.52323185574647
809,42.1,41.4723212197805,0.1,0.9393632604129892,42.1,41.55671333333336,12.2,12.337890425288972
810,12.2,12.781932956356513,11.7,11.441010961437042,12.2,9.05710666666667,11.7,11.504966497931928
811,0.1,-0.688957098531489,41.1,40.72917500623431,0.8,2.482896666666667,52.3,53.56958145969545
812,0.8,-1.32176281846057,37.8,37.93850930757301,38.0,39.17149666666666,0.8,0.38258035885073705
813,38.0,38.47492033164286,45.4,45.1935330147449,41.1,41.135489999999976,41.1,42.953373297855535
814,41.1,43.31656722524758,13.5,13.256180079552259,37.8,38.39162333333335,37.8,38.94295545670879
815,37.8,37.51229250219012,29.5,29.470068887108795,13.5,15.912946666666663,45.4,45.9936685113987
816,13.5,9.74108570111855,11.8,12.107760413018298,29.5,30.62490333333335,13.5,13.85625464892179
817,29.5,29.034539590135523,16.4,16.002206068147768,11.8,12.903156666666654,29.5,29.54324679210663
818,16.4,15.605014139518971,31.2,30.655235843840007,16.4,15.97362,11.8,12.046220877979637
819,40.2,42.67942543767981,40.2,40.28082117246257,31.2,28.63549,31.2,31.198377576353046
820,42.3,37.10620252755825,42.3,42.21810140021296,40.2,42.6091666666666,40.2,42.58711059057068
821,42.6,43.97174009906121,42.6,42.55609063259425,42.3,43.141669999999955,42.3,42.9173601353587
822,47.3,51.409039857415564,47.3,47.43322935398494,47.3,47.011143333333344,42.6,44.082573688582755
823,55.2,43.25190608564935,55.2,52.94719412637601,55.2,47.93598333333325,47.3,49.71186228093028
824,3.2,2.380001796903514,3.2,3.6533411505793345,36.3,34.978366666666645,55.2,54.534413359715906
825,36.3,32.43929491754881,36.3,36.08341027791507,36.3,35.619256666666644,3.2,2.205092095816941
826,6.0,2.2521815813360604,6.0,6.47836917070591,6.0,7.472196666666697,36.3,37.32851881627619
827,31.0,31.63016424516286,31.0,30.914058659780295,31.0,32.0097633333333,36.3,37.14208307872969
828,5.0,5.435127817139687,6.0,5.851345108129302,5.0,5.708040000000025,6.0,5.181617280957333
829,21.1,23.376343832753264,3.0,3.0923497533266286,6.0,6.547963333333364,5.0,4.7567133281576535
830,41.2,45.600975648689996,41.2,40.89615399818062,21.1,21.85124000000001,6.0,5.24470843586591
831,25.0,25.699118848319927,40.6,40.515641445899796,3.0,2.6880400000000026,21.1,21.98380664081617
832,0.0,3.2415307024599542,25.0,25.040239186399305,25.0,27.58551999999999,41.2,43.17733365150432
833,11.0,15.75674531738997,0.1,0.38835498676507596,0.0,0.6188799999999994,25.0,25.941222055243692
834,19.5,21.43265938180491,0.0,0.44771093567924153,11.0,11.815143333333335,0.0,0.7253312723408374
835,16.0,23.705159324265708,37.0,35.963736885881296,37.0,31.77046,11.0,11.728795356362069
836,44.0,38.74798812791869,16.0,16.350181589773218,19.5,22.423186666666695,19.5,20.631361095274446
837,25.0,28.066613114792744,44.0,42.73231432024014,25.0,25.801026666666658,16.0,17.491310902472218
838,16.4,15.8981238598588,25.0,25.057252044119444,16.4,15.372130000000004,44.0,44.569396978243105
839,57.0,60.60646389604074,57.0,56.66535505028454,57.0,55.60241000000008,25.0,25.86673604245706
